"date";"DAU";"country"
"2022-01-01";1;"Morocco"
"2022-01-01";1;"Micronesia"
"2022-01-01";1;"Saudi_Arabia"
"2022-01-01";1;"Burundi"
"2022-01-02";2;"El_Salvador"
"2022-01-02";1;"Burundi"
"2022-01-03";1;"Oman"
"2022-01-03";1;"Equatorial_Guinea"
"2022-01-03";1;"El_Salvador"
"2022-01-04";1;"Equatorial_Guinea"
"2022-01-04";1;"Seychelles"
"2022-01-04";1;"Bulgaria"
"2022-01-04";1;"Benin"
"2022-01-05";1;"Brazil"
"2022-01-05";1;"Seychelles"
"2022-01-05";1;"Guyana"
"2022-01-06";0;""
"2022-01-07";1;"Ivory_Coast"
"2022-01-07";1;"Brazil"
"2022-01-07";1;"Lesotho"
"2022-01-07";1;"Sierra_Leone"
"2022-01-08";1;"Brazil"
"2022-01-08";2;"Lesotho"
"2022-01-09";1;"Poland"
"2022-01-09";1;"Lesotho"
"2022-01-10";1;"Maldives"
"2022-01-10";1;"Lesotho"
"2022-01-11";1;"Australia"
"2022-01-11";1;"Seychelles"
"2022-01-11";1;"Lesotho"
"2022-01-12";1;"Panama"
"2022-01-12";1;"Finland"
"2022-01-12";1;"Seychelles"
"2022-01-13";1;"Grenada"
"2022-01-13";1;"Bulgaria"
"2022-01-14";1;"Jamaica"
"2022-01-14";1;"El_Salvador"
"2022-01-14";1;"Guyana"
"2022-01-15";1;"Guyana"
"2022-01-15";1;"Panama"
"2022-01-15";1;"Benin"
"2022-01-16";1;"Benin"
"2022-01-16";1;"Dominica"
"2022-01-16";1;"Panama"
"2022-01-16";1;"Moldova"
"2022-01-16";1;"Namibia"
"2022-01-17";1;"Brazil"
"2022-01-18";1;"Morocco"
"2022-01-18";1;"Ivory_Coast"
"2022-01-18";1;"Uruguay"
"2022-01-18";1;"Namibia"
"2022-01-18";1;"Brazil"
"2022-01-19";1;"Mozambique"
"2022-01-19";1;"Morocco"
"2022-01-19";1;"Finland"
"2022-01-19";1;"Micronesia"
"2022-01-19";1;"Namibia"
"2022-01-19";1;"Seychelles"
"2022-01-19";1;"Lesotho"
"2022-01-20";1;"Morocco"
"2022-01-20";1;"Panama"
"2022-01-20";1;"Malaysia"
"2022-01-20";1;"Finland"
"2022-01-21";1;"Kuwait"
"2022-01-21";1;"Benin"
"2022-01-21";1;"Malaysia"
"2022-01-21";1;"Micronesia"
"2022-01-21";1;"Finland"
"2022-01-22";1;"Kuwait"
"2022-01-22";1;"Yemen"
"2022-01-22";1;"Moldova"
"2022-01-22";1;"Saudi_Arabia"
"2022-01-23";1;"Philippines"
"2022-01-23";1;"Finland"
"2022-01-24";1;"Libya"
"2022-01-24";1;"Sierra_Leone"
"2022-01-24";1;"Seychelles"
"2022-01-24";1;"Finland"
"2022-01-24";1;"El_Salvador"
"2022-01-25";1;"Maldives"
"2022-01-25";2;"Libya"
"2022-01-25";1;"El_Salvador"
"2022-01-26";1;"Libya"
"2022-01-26";1;"Finland"
"2022-01-27";1;"Oman"
"2022-01-27";1;"Australia"
"2022-01-27";1;"Brazil"
"2022-01-27";1;"Lesotho"
"2022-01-27";1;"Finland"
"2022-01-28";1;"Oman"
"2022-01-28";1;"Brazil"
"2022-01-29";1;"Ivory_Coast"
"2022-01-29";1;"Micronesia"
"2022-01-29";1;"Grenada"
"2022-01-30";1;"Uruguay"
"2022-01-30";1;"Micronesia"
"2022-01-31";1;"Maldives"
"2022-01-31";1;"Yemen"
"2022-01-31";1;"Philippines"
"2022-01-31";1;"Sierra_Leone"
"2022-01-31";1;"Poland"
"2022-01-31";1;"Micronesia"
"2022-02-01";1;"Yemen"
"2022-02-01";1;"Philippines"
"2022-02-01";1;"Sierra_Leone"
"2022-02-01";1;"Sao_Tome_Principe"
"2022-02-01";1;"Laos"
"2022-02-02";1;"Mongolia"
"2022-02-02";1;"Bulgaria"
"2022-02-02";1;"Equatorial_Guinea"
"2022-02-02";2;"Senegal"
"2022-02-02";1;"Jamaica"
"2022-02-02";1;"Laos"
"2022-02-03";1;"Mongolia"
"2022-02-03";1;"Equatorial_Guinea"
"2022-02-03";1;"Argentina"
"2022-02-03";1;"Senegal"
"2022-02-03";1;"Jamaica"
"2022-02-03";1;"Micronesia"
"2022-02-04";1;"Finland"
"2022-02-04";1;"El_Salvador"
"2022-02-04";1;"Maldives"
"2022-02-04";1;"Argentina"
"2022-02-04";1;"Senegal"
"2022-02-05";2;"El_Salvador"
"2022-02-05";1;"Maldives"
"2022-02-05";1;"Morocco"
"2022-02-05";1;"Namibia"
"2022-02-05";1;"Brazil"
"2022-02-06";1;"Dominica"
"2022-02-06";1;"Oman"
"2022-02-06";1;"Australia"
"2022-02-06";1;"Seychelles"
"2022-02-06";1;"Brazil"
"2022-02-07";1;"Bulgaria"
"2022-02-07";1;"Mongolia"
"2022-02-07";1;"Libya"
"2022-02-07";1;"Dominica"
"2022-02-07";1;"Maldives"
"2022-02-07";1;"Oman"
"2022-02-08";2;"Bulgaria"
"2022-02-08";1;"Benin"
"2022-02-08";1;"Mongolia"
"2022-02-08";2;"Oman"
"2022-02-08";1;"Solomon_Islands"
"2022-02-08";1;"Poland"
"2022-02-08";1;"Seychelles"
"2022-02-09";1;"Bulgaria"
"2022-02-09";1;"Benin"
"2022-02-09";1;"Panama"
"2022-02-09";1;"Solomon_Islands"
"2022-02-09";1;"Lesotho"
"2022-02-10";1;"Bulgaria"
"2022-02-10";1;"Ivory_Coast"
"2022-02-10";1;"Philippines"
"2022-02-10";2;"Burundi"
"2022-02-11";1;"Morocco"
"2022-02-11";1;"Yemen"
"2022-02-11";1;"Philippines"
"2022-02-11";1;"Micronesia"
"2022-02-11";1;"Burundi"
"2022-02-12";1;"Lesotho"
"2022-02-12";1;"Morocco"
"2022-02-12";2;"Uruguay"
"2022-02-13";1;"El_Salvador"
"2022-02-13";1;"Singapore"
"2022-02-13";1;"Bulgaria"
"2022-02-13";1;"Dominica"
"2022-02-13";1;"Maldives"
"2022-02-13";1;"Philippines"
"2022-02-14";1;"Uruguay"
"2022-02-14";1;"Philippines"
"2022-02-14";1;"Sierra_Leone"
"2022-02-15";1;"El_Salvador"
"2022-02-15";1;"Libya"
"2022-02-15";1;"Maldives"
"2022-02-15";1;"Morocco"
"2022-02-15";1;"Turkmenistan"
"2022-02-15";1;"Senegal"
"2022-02-16";1;"El_Salvador"
"2022-02-16";1;"Libya"
"2022-02-16";1;"Maldives"
"2022-02-16";1;"Panama"
"2022-02-16";1;"Morocco"
"2022-02-16";1;"Turkmenistan"
"2022-02-16";1;"Poland"
"2022-02-16";1;"Honduras"
"2022-02-16";1;"Seychelles"
"2022-02-17";2;"Seychelles"
"2022-02-17";1;"El_Salvador"
"2022-02-17";1;"Dominica"
"2022-02-17";1;"Oman"
"2022-02-17";1;"Maldives"
"2022-02-17";1;"Panama"
"2022-02-17";1;"Morocco"
"2022-02-18";1;"Honduras"
"2022-02-18";2;"Seychelles"
"2022-02-18";1;"Uruguay"
"2022-02-18";1;"Oman"
"2022-02-18";1;"Morocco"
"2022-02-18";1;"Grenada"
"2022-02-19";1;"Lesotho"
"2022-02-19";1;"Seychelles"
"2022-02-19";1;"Bulgaria"
"2022-02-19";1;"Bosnia_Herzegovina"
"2022-02-19";1;"Uruguay"
"2022-02-20";1;"Seychelles"
"2022-02-20";1;"Bosnia_Herzegovina"
"2022-02-20";1;"Brazil"
"2022-02-21";1;"Brazil"
"2022-02-21";1;"El_Salvador"
"2022-02-21";1;"Saudi_Arabia"
"2022-02-22";1;"Lesotho"
"2022-02-22";1;"Bulgaria"
"2022-02-22";1;"El_Salvador"
"2022-02-22";1;"Panama"
"2022-02-22";1;"Saudi_Arabia"
"2022-02-23";1;"Burundi"
"2022-02-23";1;"Bulgaria"
"2022-02-23";1;"El_Salvador"
"2022-02-23";2;"Panama"
"2022-02-24";1;"Saudi_Arabia"
"2022-02-24";1;"Brazil"
"2022-02-24";1;"Bulgaria"
"2022-02-24";1;"El_Salvador"
"2022-02-24";2;"Panama"
"2022-02-25";1;"Brazil"
"2022-02-25";1;"Seychelles"
"2022-02-25";1;"Bulgaria"
"2022-02-26";1;"Benin"
"2022-02-26";2;"Seychelles"
"2022-02-26";1;"Moldova"
"2022-02-26";1;"Morocco"
"2022-02-26";1;"Sao_Tome_Principe"
"2022-02-27";1;"Libya"
"2022-02-27";1;"Dominica"
"2022-02-27";1;"Maldives"
"2022-02-27";1;"Philippines"
"2022-02-27";2;"Morocco"
"2022-02-27";1;"Grenada"
"2022-02-28";1;"Brazil"
"2022-02-28";1;"Libya"
"2022-02-28";1;"Philippines"
"2022-02-28";1;"Morocco"
"2022-03-01";1;"Comoros"
"2022-03-01";1;"Uruguay"
"2022-03-02";1;"Singapore"
"2022-03-02";1;"Equatorial_Guinea"
"2022-03-02";3;"Uruguay"
"2022-03-03";1;"Brazil"
"2022-03-03";1;"Seychelles"
"2022-03-03";2;"Uruguay"
"2022-03-03";1;"Solomon_Islands"
"2022-03-04";1;"Seychelles"
"2022-03-04";1;"Uruguay"
"2022-03-04";1;"Solomon_Islands"
"2022-03-05";1;"Guyana"
"2022-03-05";1;"Dominica"
"2022-03-06";1;"Libya"
"2022-03-06";2;"Dominica"
"2022-03-06";1;"El_Salvador"
"2022-03-07";1;"Moldova"
"2022-03-07";1;"Dominica"
"2022-03-07";1;"Sao_Tome_Principe"
"2022-03-08";1;"Morocco"
"2022-03-08";1;"Sao_Tome_Principe"
"2022-03-09";1;"Sao_Tome_Principe"
"2022-03-09";1;"Honduras"
"2022-03-09";1;"Uruguay"
"2022-03-10";1;"Micronesia"
"2022-03-10";2;"Oman"
"2022-03-10";1;"El_Salvador"
"2022-03-11";1;"Micronesia"
"2022-03-11";1;"Lesotho"
"2022-03-11";1;"Brazil"
"2022-03-11";1;"Bosnia_Herzegovina"
"2022-03-11";2;"Oman"
"2022-03-12";1;"Brazil"
"2022-03-12";1;"Malaysia"
"2022-03-12";1;"Comoros"
"2022-03-12";1;"Sierra_Leone"
"2022-03-12";1;"Grenada"
"2022-03-13";1;"Micronesia"
"2022-03-13";1;"Bulgaria"
"2022-03-13";1;"Turkmenistan"
"2022-03-14";1;"Laos"
"2022-03-14";1;"Dominica"
"2022-03-14";1;"Bulgaria"
"2022-03-14";1;"El_Salvador"
"2022-03-15";1;"Uruguay"
"2022-03-15";1;"Laos"
"2022-03-15";1;"Dominica"
"2022-03-15";1;"Turkmenistan"
"2022-03-16";1;"Australia"
"2022-03-16";1;"Dominica"
"2022-03-16";1;"Turkmenistan"
"2022-03-17";1;"Australia"
"2022-03-18";1;"Finland"
"2022-03-19";1;"Morocco"
"2022-03-19";1;"Finland"
"2022-03-19";1;"Mongolia"
"2022-03-19";1;"Lesotho"
"2022-03-19";1;"Seychelles"
"2022-03-19";1;"Senegal"
"2022-03-19";1;"Panama"
"2022-03-19";1;"El_Salvador"
"2022-03-20";1;"Morocco"
"2022-03-20";1;"Benin"
"2022-03-20";1;"Seychelles"
"2022-03-20";1;"Comoros"
"2022-03-21";1;"Laos"
"2022-03-21";1;"Morocco"
"2022-03-21";1;"Micronesia"
"2022-03-21";1;"Maldives"
"2022-03-21";1;"Panama"
"2022-03-22";2;"Kuwait"
"2022-03-22";1;"Laos"
"2022-03-22";1;"Micronesia"
"2022-03-22";1;"Maldives"
"2022-03-22";1;"Dominica"
"2022-03-22";1;"Panama"
"2022-03-23";1;"Equatorial_Guinea"
"2022-03-23";1;"Oman"
"2022-03-23";1;"Bulgaria"
"2022-03-24";1;"Dominica"
"2022-03-24";1;"Panama"
"2022-03-24";1;"Grenada"
"2022-03-24";1;"Uruguay"
"2022-03-24";1;"Morocco"
"2022-03-24";1;"Equatorial_Guinea"
"2022-03-25";1;"Sao_Tome_Principe"
"2022-03-25";2;"Panama"
"2022-03-25";2;"Grenada"
"2022-03-25";2;"Uruguay"
"2022-03-25";1;"Finland"
"2022-03-25";1;"Ivory_Coast"
"2022-03-25";1;"Bulgaria"
"2022-03-26";1;"Sao_Tome_Principe"
"2022-03-26";2;"Panama"
"2022-03-26";2;"Grenada"
"2022-03-26";1;"Brazil"
"2022-03-26";1;"Senegal"
"2022-03-27";1;"Burundi"
"2022-03-27";1;"Grenada"
"2022-03-28";1;"Oman"
"2022-03-29";1;"Guyana"
"2022-03-29";1;"Ivory_Coast"
"2022-03-29";1;"Equatorial_Guinea"
"2022-03-29";1;"Namibia"
"2022-03-29";1;"Sierra_Leone"
"2022-03-30";1;"Guyana"
"2022-03-30";1;"Argentina"
"2022-03-31";1;"Sao_Tome_Principe"
"2022-03-31";1;"Grenada"
"2022-04-01";1;"Dominica"
"2022-04-01";1;"Sao_Tome_Principe"
"2022-04-02";1;"Dominica"
"2022-04-03";1;"Dominica"
"2022-04-03";1;"Argentina"
"2022-04-03";1;"El_Salvador"
"2022-04-03";1;"Oman"
"2022-04-04";1;"Honduras"
"2022-04-04";1;"Lesotho"
"2022-04-04";1;"Argentina"
"2022-04-04";1;"Bulgaria"
"2022-04-04";1;"El_Salvador"
"2022-04-04";1;"Solomon_Islands"
"2022-04-05";1;"El_Salvador"
"2022-04-05";1;"Solomon_Islands"
"2022-04-05";1;"Honduras"
"2022-04-05";1;"Uruguay"
"2022-04-05";1;"Kuwait"
"2022-04-05";1;"Singapore"
"2022-04-05";1;"Lesotho"
"2022-04-05";1;"Brazil"
"2022-04-05";1;"Bosnia_Herzegovina"
"2022-04-05";1;"Seychelles"
"2022-04-05";1;"Philippines"
"2022-04-06";1;"El_Salvador"
"2022-04-06";1;"Solomon_Islands"
"2022-04-06";1;"Honduras"
"2022-04-06";1;"Bosnia_Herzegovina"
"2022-04-06";1;"Sierra_Leone"
"2022-04-07";1;"Sierra_Leone"
"2022-04-07";1;"Dominica"
"2022-04-07";1;"Honduras"
"2022-04-07";1;"Maldives"
"2022-04-08";1;"Honduras"
"2022-04-08";1;"Ivory_Coast"
"2022-04-08";1;"Seychelles"
"2022-04-08";1;"Maldives"
"2022-04-09";1;"Finland"
"2022-04-09";1;"Libya"
"2022-04-09";1;"Moldova"
"2022-04-10";1;"Guyana"
"2022-04-10";1;"Moldova"
"2022-04-10";1;"Philippines"
"2022-04-11";0;""
"2022-04-12";1;"Bulgaria"
"2022-04-13";1;"Australia"
"2022-04-13";1;"Poland"
"2022-04-14";1;"Sierra_Leone"
"2022-04-14";1;"Uruguay"
"2022-04-14";1;"Finland"
"2022-04-14";1;"Jamaica"
"2022-04-14";1;"Australia"
"2022-04-14";1;"Seychelles"
"2022-04-14";1;"Poland"
"2022-04-15";1;"Poland"
"2022-04-15";1;"Bulgaria"
"2022-04-15";1;"Uruguay"
"2022-04-15";1;"Yemen"
"2022-04-15";1;"Jamaica"
"2022-04-16";1;"Oman"
"2022-04-16";1;"Honduras"
"2022-04-16";1;"Brazil"
"2022-04-16";1;"Yemen"
"2022-04-16";1;"Jamaica"
"2022-04-17";1;"Philippines"
"2022-04-17";1;"Oman"
"2022-04-17";1;"Bulgaria"
"2022-04-17";1;"Morocco"
"2022-04-17";1;"Honduras"
"2022-04-17";1;"Brazil"
"2022-04-17";1;"Senegal"
"2022-04-18";1;"Morocco"
"2022-04-18";1;"Uruguay"
"2022-04-18";1;"Ivory_Coast"
"2022-04-18";1;"Brazil"
"2022-04-18";1;"Comoros"
"2022-04-19";1;"Solomon_Islands"
"2022-04-19";1;"Dominica"
"2022-04-19";1;"Brazil"
"2022-04-20";1;"Saudi_Arabia"
"2022-04-20";1;"Solomon_Islands"
"2022-04-20";1;"Dominica"
"2022-04-20";1;"Brazil"
"2022-04-20";1;"Turkmenistan"
"2022-04-20";1;"Maldives"
"2022-04-21";0;""
"2022-04-22";1;"Burundi"
"2022-04-22";1;"Morocco"
"2022-04-22";1;"Finland"
"2022-04-22";1;"Namibia"
"2022-04-23";1;"Burundi"
"2022-04-23";1;"Morocco"
"2022-04-23";1;"Finland"
"2022-04-23";1;"Namibia"
"2022-04-24";1;"Maldives"
"2022-04-24";1;"Solomon_Islands"
"2022-04-24";1;"Guyana"
"2022-04-24";1;"Uruguay"
"2022-04-24";1;"Morocco"
"2022-04-25";1;"Maldives"
"2022-04-25";1;"El_Salvador"
"2022-04-25";1;"Solomon_Islands"
"2022-04-26";1;"El_Salvador"
"2022-04-26";1;"Grenada"
"2022-04-26";1;"Comoros"
"2022-04-27";1;"Panama"
"2022-04-27";1;"Burundi"
"2022-04-27";1;"Lesotho"
"2022-04-27";1;"Comoros"
"2022-04-27";1;"Namibia"
"2022-04-27";1;"Seychelles"
"2022-04-28";1;"Seychelles"
"2022-04-28";1;"Uruguay"
"2022-04-29";2;"Uruguay"
"2022-04-30";1;"Seychelles"
"2022-04-30";1;"Maldives"
"2022-04-30";1;"Sierra_Leone"
"2022-04-30";1;"Uruguay"
"2022-04-30";1;"Moldova"
"2022-05-01";1;"Maldives"
"2022-05-01";1;"Sierra_Leone"
"2022-05-01";1;"Mongolia"
"2022-05-01";1;"Guyana"
"2022-05-01";1;"Libya"
"2022-05-01";2;"Uruguay"
"2022-05-01";1;"Jamaica"
"2022-05-01";1;"Brazil"
"2022-05-01";1;"Moldova"
"2022-05-02";1;"Micronesia"
"2022-05-02";1;"Guyana"
"2022-05-02";1;"Libya"
"2022-05-02";1;"Uruguay"
"2022-05-02";1;"Senegal"
"2022-05-02";1;"Moldova"
"2022-05-03";1;"Dominica"
"2022-05-03";1;"Libya"
"2022-05-04";1;"Laos"
"2022-05-04";1;"Dominica"
"2022-05-05";1;"Sierra_Leone"
"2022-05-05";1;"Burundi"
"2022-05-05";1;"Micronesia"
"2022-05-05";1;"Dominica"
"2022-05-06";1;"Turkmenistan"
"2022-05-06";1;"Philippines"
"2022-05-06";1;"Bulgaria"
"2022-05-06";1;"Sierra_Leone"
"2022-05-06";1;"Micronesia"
"2022-05-06";1;"Yemen"
"2022-05-07";1;"Solomon_Islands"
"2022-05-08";0;""
"2022-05-09";1;"El_Salvador"
"2022-05-09";1;"Lesotho"
"2022-05-10";2;"Poland"
"2022-05-10";1;"Kuwait"
"2022-05-10";1;"El_Salvador"
"2022-05-10";1;"Sierra_Leone"
"2022-05-10";1;"Lesotho"
"2022-05-11";1;"Burundi"
"2022-05-11";1;"Morocco"
"2022-05-12";1;"Senegal"
"2022-05-12";1;"Poland"
"2022-05-12";1;"Morocco"
"2022-05-12";1;"Australia"
"2022-05-12";1;"Brazil"
"2022-05-13";1;"Namibia"
"2022-05-13";1;"Senegal"
"2022-05-13";1;"Philippines"
"2022-05-13";1;"Dominica"
"2022-05-13";1;"Lesotho"
"2022-05-14";1;"Brazil"
"2022-05-14";1;"Philippines"
"2022-05-14";1;"Panama"
"2022-05-14";1;"Uruguay"
"2022-05-15";1;"Brazil"
"2022-05-15";2;"Panama"
"2022-05-15";1;"Dominica"
"2022-05-15";1;"Uruguay"
"2022-05-15";1;"Jamaica"
"2022-05-16";1;"Finland"
"2022-05-17";1;"Maldives"
"2022-05-17";1;"Kuwait"
"2022-05-17";1;"El_Salvador"
"2022-05-17";1;"Micronesia"
"2022-05-17";1;"Finland"
"2022-05-17";1;"Dominica"
"2022-05-18";1;"Laos"
"2022-05-18";1;"Micronesia"
"2022-05-18";1;"Morocco"
"2022-05-18";1;"Dominica"
"2022-05-19";1;"Grenada"
"2022-05-19";1;"Solomon_Islands"
"2022-05-19";1;"Micronesia"
"2022-05-19";1;"Morocco"
"2022-05-19";1;"Australia"
"2022-05-20";1;"Senegal"
"2022-05-21";1;"Jamaica"
"2022-05-21";1;"Poland"
"2022-05-21";2;"Senegal"
"2022-05-22";1;"Jamaica"
"2022-05-22";1;"Brazil"
"2022-05-22";1;"Yemen"
"2022-05-23";1;"Jamaica"
"2022-05-23";1;"Bulgaria"
"2022-05-23";1;"Malaysia"
"2022-05-24";1;"Namibia"
"2022-05-24";1;"Seychelles"
"2022-05-24";1;"Jamaica"
"2022-05-24";1;"Philippines"
"2022-05-24";1;"Singapore"
"2022-05-24";1;"Malaysia"
"2022-05-25";1;"Namibia"
"2022-05-25";1;"Philippines"
"2022-05-25";1;"Maldives"
"2022-05-25";1;"Singapore"
"2022-05-25";1;"Morocco"
"2022-05-26";1;"Australia"
"2022-05-26";1;"Philippines"
"2022-05-26";1;"Maldives"
"2022-05-26";1;"Burundi"
"2022-05-26";1;"Finland"
"2022-05-26";1;"Micronesia"
"2022-05-26";1;"Morocco"
"2022-05-27";1;"Oman"
"2022-05-27";1;"Kuwait"
"2022-05-27";1;"El_Salvador"
"2022-05-28";1;"Brazil"
"2022-05-28";1;"Mozambique"
"2022-05-28";1;"Namibia"
"2022-05-28";1;"Seychelles"
"2022-05-28";1;"Sierra_Leone"
"2022-05-28";1;"Malaysia"
"2022-05-29";1;"Argentina"
"2022-05-29";1;"Malaysia"
"2022-05-29";1;"Morocco"
"2022-05-30";1;"Morocco"
"2022-05-30";1;"Sierra_Leone"
"2022-05-31";1;"Poland"
"2022-05-31";1;"Brazil"
"2022-05-31";1;"Kuwait"
"2022-05-31";1;"Sierra_Leone"
"2022-05-31";1;"Lesotho"
"2022-06-01";1;"Saudi_Arabia"
"2022-06-01";1;"Seychelles"
"2022-06-01";1;"Kuwait"
"2022-06-01";1;"Lesotho"
"2022-06-02";1;"Saudi_Arabia"
"2022-06-02";1;"Brazil"
"2022-06-02";1;"Seychelles"
"2022-06-02";1;"Kuwait"
"2022-06-02";1;"Lesotho"
"2022-06-02";1;"Uruguay"
"2022-06-03";1;"Uruguay"
"2022-06-03";1;"Morocco"
"2022-06-03";1;"Saudi_Arabia"
"2022-06-03";1;"Mozambique"
"2022-06-03";1;"Bulgaria"
"2022-06-03";1;"Brazil"
"2022-06-03";1;"Seychelles"
"2022-06-03";1;"Kuwait"
"2022-06-03";1;"Lesotho"
"2022-06-03";1;"Comoros"
"2022-06-04";1;"Comoros"
"2022-06-04";1;"Uruguay"
"2022-06-04";1;"Morocco"
"2022-06-04";1;"Saudi_Arabia"
"2022-06-04";1;"Mozambique"
"2022-06-04";1;"Brazil"
"2022-06-04";1;"Seychelles"
"2022-06-04";1;"Kuwait"
"2022-06-04";1;"Libya"
"2022-06-04";1;"Lesotho"
"2022-06-05";1;"Lesotho"
"2022-06-05";1;"Comoros"
"2022-06-05";1;"Uruguay"
"2022-06-05";1;"Sao_Tome_Principe"
"2022-06-05";1;"Mozambique"
"2022-06-05";1;"Maldives"
"2022-06-05";1;"El_Salvador"
"2022-06-05";1;"Brazil"
"2022-06-05";1;"Seychelles"
"2022-06-05";2;"Finland"
"2022-06-05";1;"Kuwait"
"2022-06-05";1;"Argentina"
"2022-06-05";1;"Libya"
"2022-06-06";1;"Moldova"
"2022-06-06";1;"Lesotho"
"2022-06-06";1;"Uruguay"
"2022-06-06";1;"Sao_Tome_Principe"
"2022-06-06";1;"Mozambique"
"2022-06-06";1;"Maldives"
"2022-06-06";1;"Guyana"
"2022-06-06";1;"El_Salvador"
"2022-06-06";1;"Brazil"
"2022-06-06";1;"Seychelles"
"2022-06-06";1;"Finland"
"2022-06-06";1;"Kuwait"
"2022-06-06";1;"Libya"
"2022-06-07";1;"Libya"
"2022-06-07";1;"Moldova"
"2022-06-07";1;"Lesotho"
"2022-06-07";1;"Uruguay"
"2022-06-07";1;"Sao_Tome_Principe"
"2022-06-07";1;"Mozambique"
"2022-06-07";1;"Solomon_Islands"
"2022-06-07";1;"Maldives"
"2022-06-07";1;"Guyana"
"2022-06-07";1;"El_Salvador"
"2022-06-07";2;"Brazil"
"2022-06-07";1;"Seychelles"
"2022-06-07";1;"Finland"
"2022-06-07";1;"Kuwait"
"2022-06-08";1;"Libya"
"2022-06-08";1;"Lesotho"
"2022-06-08";1;"Uruguay"
"2022-06-08";1;"Sao_Tome_Principe"
"2022-06-08";1;"Mozambique"
"2022-06-08";1;"Solomon_Islands"
"2022-06-08";1;"Maldives"
"2022-06-08";1;"Guyana"
"2022-06-08";1;"Seychelles"
"2022-06-08";2;"Brazil"
"2022-06-08";1;"Dominica"
"2022-06-08";1;"Finland"
"2022-06-09";1;"Comoros"
"2022-06-09";1;"Oman"
"2022-06-09";1;"Morocco"
"2022-06-09";1;"Benin"
"2022-06-09";1;"Grenada"
"2022-06-09";1;"Sao_Tome_Principe"
"2022-06-09";1;"Mozambique"
"2022-06-09";1;"Solomon_Islands"
"2022-06-09";1;"Maldives"
"2022-06-09";1;"Seychelles"
"2022-06-09";2;"Brazil"
"2022-06-09";1;"Guyana"
"2022-06-09";2;"Dominica"
"2022-06-09";1;"Finland"
"2022-06-10";2;"Dominica"
"2022-06-10";1;"Finland"
"2022-06-10";1;"Comoros"
"2022-06-10";1;"Oman"
"2022-06-10";1;"Morocco"
"2022-06-10";1;"Grenada"
"2022-06-10";1;"Sao_Tome_Principe"
"2022-06-10";1;"Mozambique"
"2022-06-10";1;"Solomon_Islands"
"2022-06-10";1;"Maldives"
"2022-06-10";1;"Seychelles"
"2022-06-10";2;"Brazil"
"2022-06-10";1;"Guyana"
"2022-06-11";1;"Dominica"
"2022-06-11";1;"Finland"
"2022-06-11";1;"Oman"
"2022-06-11";1;"Morocco"
"2022-06-11";1;"Grenada"
"2022-06-11";2;"El_Salvador"
"2022-06-11";1;"Mozambique"
"2022-06-11";1;"Solomon_Islands"
"2022-06-11";1;"Seychelles"
"2022-06-11";1;"Guyana"
"2022-06-12";2;"Dominica"
"2022-06-12";1;"Finland"
"2022-06-12";1;"Morocco"
"2022-06-12";1;"Bosnia_Herzegovina"
"2022-06-12";2;"El_Salvador"
"2022-06-12";1;"Mozambique"
"2022-06-12";1;"Solomon_Islands"
"2022-06-12";1;"Seychelles"
"2022-06-13";1;"Seychelles"
"2022-06-13";1;"Dominica"
"2022-06-13";1;"Finland"
"2022-06-13";1;"Jamaica"
"2022-06-13";1;"Singapore"
"2022-06-13";1;"El_Salvador"
"2022-06-13";1;"Mozambique"
"2022-06-13";1;"Yemen"
"2022-06-13";1;"Solomon_Islands"
"2022-06-14";1;"Seychelles"
"2022-06-14";1;"Finland"
"2022-06-14";1;"Jamaica"
"2022-06-14";1;"Panama"
"2022-06-14";1;"Singapore"
"2022-06-14";1;"El_Salvador"
"2022-06-14";1;"Mozambique"
"2022-06-14";1;"Solomon_Islands"
"2022-06-15";1;"Mozambique"
"2022-06-15";1;"Solomon_Islands"
"2022-06-15";2;"Seychelles"
"2022-06-15";1;"Comoros"
"2022-06-15";1;"Finland"
"2022-06-15";1;"Bulgaria"
"2022-06-15";1;"Jamaica"
"2022-06-15";1;"Panama"
"2022-06-15";1;"Singapore"
"2022-06-15";1;"El_Salvador"
"2022-06-16";1;"Solomon_Islands"
"2022-06-16";1;"Seychelles"
"2022-06-16";2;"Comoros"
"2022-06-16";1;"Finland"
"2022-06-16";2;"Bulgaria"
"2022-06-16";1;"Jamaica"
"2022-06-16";1;"Singapore"
"2022-06-17";1;"Guyana"
"2022-06-17";1;"Australia"
"2022-06-17";1;"Seychelles"
"2022-06-17";1;"Namibia"
"2022-06-17";2;"Comoros"
"2022-06-17";1;"Finland"
"2022-06-17";2;"Bulgaria"
"2022-06-17";1;"Jamaica"
"2022-06-17";1;"Grenada"
"2022-06-17";1;"Singapore"
"2022-06-18";1;"Australia"
"2022-06-18";1;"Seychelles"
"2022-06-18";1;"Namibia"
"2022-06-18";1;"Comoros"
"2022-06-18";1;"Finland"
"2022-06-18";1;"Panama"
"2022-06-18";1;"Burundi"
"2022-06-18";2;"Bulgaria"
"2022-06-18";1;"Jamaica"
"2022-06-18";1;"Ivory_Coast"
"2022-06-18";1;"Singapore"
"2022-06-19";1;"Seychelles"
"2022-06-19";1;"Comoros"
"2022-06-19";1;"Finland"
"2022-06-19";1;"Burundi"
"2022-06-19";1;"Bulgaria"
"2022-06-19";1;"Jamaica"
"2022-06-19";1;"Equatorial_Guinea"
"2022-06-19";1;"Ivory_Coast"
"2022-06-19";1;"Singapore"
"2022-06-20";1;"Solomon_Islands"
"2022-06-20";1;"Seychelles"
"2022-06-20";1;"Comoros"
"2022-06-20";2;"Finland"
"2022-06-20";1;"Burundi"
"2022-06-20";1;"Bulgaria"
"2022-06-20";1;"Grenada"
"2022-06-20";1;"Jamaica"
"2022-06-20";1;"Equatorial_Guinea"
"2022-06-20";1;"Ivory_Coast"
"2022-06-20";1;"Brazil"
"2022-06-21";1;"El_Salvador"
"2022-06-21";1;"Turkmenistan"
"2022-06-21";1;"Moldova"
"2022-06-21";1;"Solomon_Islands"
"2022-06-21";1;"Lesotho"
"2022-06-21";1;"Comoros"
"2022-06-21";2;"Finland"
"2022-06-21";1;"Bulgaria"
"2022-06-21";1;"Grenada"
"2022-06-21";1;"Jamaica"
"2022-06-21";1;"Ivory_Coast"
"2022-06-21";1;"Brazil"
"2022-06-22";1;"Brazil"
"2022-06-22";1;"El_Salvador"
"2022-06-22";1;"Turkmenistan"
"2022-06-22";1;"Moldova"
"2022-06-22";1;"Solomon_Islands"
"2022-06-22";1;"Lesotho"
"2022-06-22";1;"Panama"
"2022-06-22";1;"Finland"
"2022-06-22";1;"Bulgaria"
"2022-06-22";1;"Grenada"
"2022-06-22";1;"Jamaica"
"2022-06-22";1;"Ivory_Coast"
"2022-06-22";1;"Kuwait"
"2022-06-23";1;"Ivory_Coast"
"2022-06-23";1;"Kuwait"
"2022-06-23";1;"Brazil"
"2022-06-23";1;"El_Salvador"
"2022-06-23";1;"Turkmenistan"
"2022-06-23";1;"Dominica"
"2022-06-23";1;"Moldova"
"2022-06-23";1;"Solomon_Islands"
"2022-06-23";1;"Namibia"
"2022-06-23";1;"Panama"
"2022-06-23";1;"Finland"
"2022-06-23";1;"Bulgaria"
"2022-06-23";1;"Jamaica"
"2022-06-24";1;"Ivory_Coast"
"2022-06-24";1;"Kuwait"
"2022-06-24";2;"Brazil"
"2022-06-24";1;"El_Salvador"
"2022-06-24";1;"Turkmenistan"
"2022-06-24";1;"Dominica"
"2022-06-24";1;"Moldova"
"2022-06-24";1;"Saudi_Arabia"
"2022-06-24";2;"Solomon_Islands"
"2022-06-24";1;"Namibia"
"2022-06-24";1;"Finland"
"2022-06-24";1;"Bulgaria"
"2022-06-25";1;"Bulgaria"
"2022-06-25";1;"Ivory_Coast"
"2022-06-25";1;"Kuwait"
"2022-06-25";3;"Brazil"
"2022-06-25";1;"El_Salvador"
"2022-06-25";1;"Turkmenistan"
"2022-06-25";1;"Oman"
"2022-06-25";1;"Dominica"
"2022-06-25";1;"Moldova"
"2022-06-25";1;"Solomon_Islands"
"2022-06-25";1;"Namibia"
"2022-06-25";1;"Finland"
"2022-06-26";1;"Finland"
"2022-06-26";1;"Australia"
"2022-06-26";2;"Brazil"
"2022-06-26";1;"Oman"
"2022-06-26";1;"Moldova"
"2022-06-26";1;"Solomon_Islands"
"2022-06-26";1;"Namibia"
"2022-06-26";1;"Sierra_Leone"
"2022-06-27";1;"Bulgaria"
"2022-06-27";1;"Finland"
"2022-06-27";1;"Australia"
"2022-06-27";2;"Brazil"
"2022-06-27";1;"Oman"
"2022-06-27";1;"Moldova"
"2022-06-27";1;"Honduras"
"2022-06-27";1;"Solomon_Islands"
"2022-06-27";1;"Namibia"
"2022-06-27";1;"Sierra_Leone"
"2022-06-27";1;"Panama"
"2022-06-27";1;"Jamaica"
"2022-06-28";1;"Jamaica"
"2022-06-28";1;"Bulgaria"
"2022-06-28";1;"Australia"
"2022-06-28";1;"El_Salvador"
"2022-06-28";2;"Brazil"
"2022-06-28";1;"Oman"
"2022-06-28";1;"Moldova"
"2022-06-28";1;"Honduras"
"2022-06-28";1;"Solomon_Islands"
"2022-06-28";1;"Namibia"
"2022-06-28";1;"Panama"
"2022-06-28";1;"Argentina"
"2022-06-29";2;"Jamaica"
"2022-06-29";2;"Bulgaria"
"2022-06-29";1;"Poland"
"2022-06-29";1;"Australia"
"2022-06-29";1;"Uruguay"
"2022-06-29";2;"El_Salvador"
"2022-06-29";1;"Morocco"
"2022-06-29";2;"Brazil"
"2022-06-29";1;"Oman"
"2022-06-29";1;"Moldova"
"2022-06-29";1;"Honduras"
"2022-06-29";1;"Solomon_Islands"
"2022-06-29";1;"Namibia"
"2022-06-29";1;"Panama"
"2022-06-29";1;"Argentina"
"2022-06-30";2;"Argentina"
"2022-06-30";2;"Jamaica"
"2022-06-30";1;"Bulgaria"
"2022-06-30";1;"Australia"
"2022-06-30";1;"Dominica"
"2022-06-30";2;"Uruguay"
"2022-06-30";1;"El_Salvador"
"2022-06-30";2;"Morocco"
"2022-06-30";1;"Brazil"
"2022-06-30";1;"Oman"
"2022-06-30";1;"Moldova"
"2022-06-30";1;"Solomon_Islands"
"2022-06-30";1;"Honduras"
"2022-06-30";1;"Micronesia"
"2022-06-30";1;"Namibia"
"2022-06-30";1;"Panama"
"2022-07-01";2;"Argentina"
"2022-07-01";1;"Ivory_Coast"
"2022-07-01";2;"Jamaica"
"2022-07-01";1;"Australia"
"2022-07-01";1;"Dominica"
"2022-07-01";1;"Uruguay"
"2022-07-01";1;"El_Salvador"
"2022-07-01";1;"Morocco"
"2022-07-01";2;"Brazil"
"2022-07-01";1;"Moldova"
"2022-07-01";1;"Solomon_Islands"
"2022-07-01";1;"Honduras"
"2022-07-01";1;"Micronesia"
"2022-07-01";1;"Panama"
"2022-07-02";1;"Panama"
"2022-07-02";1;"Argentina"
"2022-07-02";1;"Ivory_Coast"
"2022-07-02";1;"Jamaica"
"2022-07-02";1;"Philippines"
"2022-07-02";2;"Dominica"
"2022-07-02";1;"Uruguay"
"2022-07-02";1;"El_Salvador"
"2022-07-02";1;"Morocco"
"2022-07-02";2;"Brazil"
"2022-07-02";1;"Comoros"
"2022-07-02";2;"Solomon_Islands"
"2022-07-02";1;"Micronesia"
"2022-07-03";1;"Libya"
"2022-07-03";1;"Jamaica"
"2022-07-03";2;"Dominica"
"2022-07-03";1;"Uruguay"
"2022-07-03";1;"Brazil"
"2022-07-03";1;"Comoros"
"2022-07-03";2;"Solomon_Islands"
"2022-07-03";1;"Micronesia"
"2022-07-04";1;"Solomon_Islands"
"2022-07-04";2;"Libya"
"2022-07-04";1;"Lesotho"
"2022-07-04";1;"Jamaica"
"2022-07-04";1;"Dominica"
"2022-07-04";1;"Uruguay"
"2022-07-04";1;"Brazil"
"2022-07-04";1;"Maldives"
"2022-07-05";1;"Solomon_Islands"
"2022-07-05";2;"Libya"
"2022-07-05";1;"Laos"
"2022-07-05";1;"Lesotho"
"2022-07-05";1;"Dominica"
"2022-07-05";1;"Brazil"
"2022-07-05";1;"Maldives"
"2022-07-06";1;"Namibia"
"2022-07-06";1;"Solomon_Islands"
"2022-07-06";1;"Libya"
"2022-07-06";1;"Laos"
"2022-07-06";1;"Lesotho"
"2022-07-06";1;"Sao_Tome_Principe"
"2022-07-06";2;"Dominica"
"2022-07-06";1;"Moldova"
"2022-07-06";1;"Maldives"
"2022-07-07";1;"Maldives"
"2022-07-07";2;"Namibia"
"2022-07-07";1;"Finland"
"2022-07-07";1;"Solomon_Islands"
"2022-07-07";1;"Seychelles"
"2022-07-07";1;"Laos"
"2022-07-07";1;"Lesotho"
"2022-07-07";1;"El_Salvador"
"2022-07-07";1;"Sao_Tome_Principe"
"2022-07-07";2;"Dominica"
"2022-07-07";1;"Moldova"
"2022-07-08";1;"Maldives"
"2022-07-08";1;"Panama"
"2022-07-08";1;"Namibia"
"2022-07-08";1;"Finland"
"2022-07-08";2;"Seychelles"
"2022-07-08";1;"El_Salvador"
"2022-07-08";1;"Sao_Tome_Principe"
"2022-07-08";1;"Grenada"
"2022-07-08";1;"Dominica"
"2022-07-08";1;"Moldova"
"2022-07-09";1;"Dominica"
"2022-07-09";1;"Moldova"
"2022-07-09";1;"Panama"
"2022-07-09";1;"Namibia"
"2022-07-09";1;"Finland"
"2022-07-09";1;"Jamaica"
"2022-07-09";2;"Seychelles"
"2022-07-09";1;"El_Salvador"
"2022-07-09";1;"Sao_Tome_Principe"
"2022-07-09";1;"Grenada"
"2022-07-10";1;"Dominica"
"2022-07-10";1;"Panama"
"2022-07-10";1;"Namibia"
"2022-07-10";1;"Bulgaria"
"2022-07-10";1;"Finland"
"2022-07-10";1;"Jamaica"
"2022-07-10";1;"Seychelles"
"2022-07-10";2;"El_Salvador"
"2022-07-10";1;"Sao_Tome_Principe"
"2022-07-11";1;"Sao_Tome_Principe"
"2022-07-11";1;"Dominica"
"2022-07-11";1;"Namibia"
"2022-07-11";2;"Bulgaria"
"2022-07-11";1;"Finland"
"2022-07-11";1;"Jamaica"
"2022-07-11";1;"Seychelles"
"2022-07-11";1;"Uruguay"
"2022-07-11";1;"El_Salvador"
"2022-07-11";1;"Brazil"
"2022-07-11";1;"Yemen"
"2022-07-12";1;"Yemen"
"2022-07-12";1;"Sao_Tome_Principe"
"2022-07-12";1;"Dominica"
"2022-07-12";1;"Namibia"
"2022-07-12";2;"Bulgaria"
"2022-07-12";1;"Finland"
"2022-07-12";1;"Jamaica"
"2022-07-12";1;"Morocco"
"2022-07-12";1;"Seychelles"
"2022-07-12";1;"Uruguay"
"2022-07-12";1;"El_Salvador"
"2022-07-12";1;"Brazil"
"2022-07-13";1;"El_Salvador"
"2022-07-13";1;"Brazil"
"2022-07-13";2;"Yemen"
"2022-07-13";1;"Sao_Tome_Principe"
"2022-07-13";2;"Dominica"
"2022-07-13";1;"Namibia"
"2022-07-13";1;"Bulgaria"
"2022-07-13";1;"Finland"
"2022-07-13";1;"Jamaica"
"2022-07-13";1;"Morocco"
"2022-07-13";1;"Bosnia_Herzegovina"
"2022-07-13";1;"Seychelles"
"2022-07-13";1;"Uruguay"
"2022-07-14";1;"El_Salvador"
"2022-07-14";2;"Brazil"
"2022-07-14";1;"Guyana"
"2022-07-14";1;"Yemen"
"2022-07-14";1;"Sao_Tome_Principe"
"2022-07-14";2;"Dominica"
"2022-07-14";1;"Libya"
"2022-07-14";1;"Bulgaria"
"2022-07-14";1;"Finland"
"2022-07-14";1;"Jamaica"
"2022-07-14";1;"Morocco"
"2022-07-14";1;"Bosnia_Herzegovina"
"2022-07-14";1;"Seychelles"
"2022-07-15";1;"Seychelles"
"2022-07-15";1;"El_Salvador"
"2022-07-15";2;"Brazil"
"2022-07-15";1;"Guyana"
"2022-07-15";1;"Yemen"
"2022-07-15";1;"Sao_Tome_Principe"
"2022-07-15";2;"Dominica"
"2022-07-15";1;"Libya"
"2022-07-15";2;"Bulgaria"
"2022-07-15";1;"Jamaica"
"2022-07-15";1;"Bosnia_Herzegovina"
"2022-07-16";2;"Bosnia_Herzegovina"
"2022-07-16";1;"Seychelles"
"2022-07-16";1;"Libya"
"2022-07-16";1;"El_Salvador"
"2022-07-16";2;"Brazil"
"2022-07-16";1;"Guyana"
"2022-07-16";1;"Yemen"
"2022-07-16";1;"Sao_Tome_Principe"
"2022-07-16";2;"Dominica"
"2022-07-16";1;"Lesotho"
"2022-07-16";2;"Bulgaria"
"2022-07-17";1;"Bosnia_Herzegovina"
"2022-07-17";1;"El_Salvador"
"2022-07-17";3;"Brazil"
"2022-07-17";1;"Yemen"
"2022-07-17";2;"Dominica"
"2022-07-17";1;"Lesotho"
"2022-07-17";2;"Bulgaria"
"2022-07-17";1;"Uruguay"
"2022-07-18";1;"Uruguay"
"2022-07-18";1;"Bosnia_Herzegovina"
"2022-07-18";1;"El_Salvador"
"2022-07-18";3;"Brazil"
"2022-07-18";1;"Mongolia"
"2022-07-18";1;"Yemen"
"2022-07-18";1;"Benin"
"2022-07-18";1;"Dominica"
"2022-07-18";1;"Lesotho"
"2022-07-18";2;"Bulgaria"
"2022-07-18";1;"Morocco"
"2022-07-19";1;"Seychelles"
"2022-07-19";1;"Bosnia_Herzegovina"
"2022-07-19";1;"El_Salvador"
"2022-07-19";3;"Brazil"
"2022-07-19";1;"Mongolia"
"2022-07-19";1;"Yemen"
"2022-07-19";1;"Dominica"
"2022-07-19";1;"Lesotho"
"2022-07-19";1;"Malaysia"
"2022-07-19";2;"Bulgaria"
"2022-07-19";1;"Morocco"
"2022-07-20";1;"Morocco"
"2022-07-20";1;"Uruguay"
"2022-07-20";1;"Moldova"
"2022-07-20";1;"Seychelles"
"2022-07-20";1;"Kuwait"
"2022-07-20";2;"Bosnia_Herzegovina"
"2022-07-20";1;"Ivory_Coast"
"2022-07-20";1;"El_Salvador"
"2022-07-20";2;"Brazil"
"2022-07-20";1;"Yemen"
"2022-07-20";1;"Dominica"
"2022-07-20";1;"Malaysia"
"2022-07-20";2;"Bulgaria"
"2022-07-21";1;"Malaysia"
"2022-07-21";3;"Bulgaria"
"2022-07-21";1;"Morocco"
"2022-07-21";1;"Uruguay"
"2022-07-21";1;"Moldova"
"2022-07-21";2;"Seychelles"
"2022-07-21";1;"Guyana"
"2022-07-21";1;"Kuwait"
"2022-07-21";2;"Bosnia_Herzegovina"
"2022-07-21";1;"Ivory_Coast"
"2022-07-21";3;"El_Salvador"
"2022-07-21";2;"Brazil"
"2022-07-21";1;"Dominica"
"2022-07-22";1;"Malaysia"
"2022-07-22";2;"Bulgaria"
"2022-07-22";1;"Morocco"
"2022-07-22";1;"Moldova"
"2022-07-22";1;"Kuwait"
"2022-07-22";3;"Seychelles"
"2022-07-22";1;"Guyana"
"2022-07-22";2;"Bosnia_Herzegovina"
"2022-07-22";2;"Ivory_Coast"
"2022-07-22";2;"El_Salvador"
"2022-07-22";2;"Brazil"
"2022-07-22";1;"Dominica"
"2022-07-23";1;"Mozambique"
"2022-07-23";1;"Malaysia"
"2022-07-23";1;"Bulgaria"
"2022-07-23";1;"Morocco"
"2022-07-23";1;"Moldova"
"2022-07-23";1;"Solomon_Islands"
"2022-07-23";1;"Panama"
"2022-07-23";1;"Kuwait"
"2022-07-23";3;"Seychelles"
"2022-07-23";1;"Guyana"
"2022-07-23";1;"Bosnia_Herzegovina"
"2022-07-23";2;"Ivory_Coast"
"2022-07-23";2;"El_Salvador"
"2022-07-23";1;"Brazil"
"2022-07-24";1;"Mozambique"
"2022-07-24";1;"Malaysia"
"2022-07-24";1;"Morocco"
"2022-07-24";1;"Moldova"
"2022-07-24";1;"Solomon_Islands"
"2022-07-24";1;"Panama"
"2022-07-24";1;"Kuwait"
"2022-07-24";1;"Seychelles"
"2022-07-24";1;"Guyana"
"2022-07-24";1;"Ivory_Coast"
"2022-07-24";1;"El_Salvador"
"2022-07-25";1;"Maldives"
"2022-07-25";1;"Mozambique"
"2022-07-25";1;"Morocco"
"2022-07-25";1;"Moldova"
"2022-07-25";1;"Solomon_Islands"
"2022-07-25";1;"Panama"
"2022-07-25";1;"Kuwait"
"2022-07-25";1;"Seychelles"
"2022-07-25";1;"Guyana"
"2022-07-25";1;"Ivory_Coast"
"2022-07-25";1;"El_Salvador"
"2022-07-26";1;"Maldives"
"2022-07-26";1;"Uruguay"
"2022-07-26";1;"Mozambique"
"2022-07-26";2;"Morocco"
"2022-07-26";1;"Moldova"
"2022-07-26";1;"Solomon_Islands"
"2022-07-26";1;"Panama"
"2022-07-26";2;"Seychelles"
"2022-07-26";1;"Laos"
"2022-07-26";1;"Guyana"
"2022-07-26";1;"Finland"
"2022-07-26";1;"Ivory_Coast"
"2022-07-26";1;"Comoros"
"2022-07-26";1;"El_Salvador"
"2022-07-27";1;"Maldives"
"2022-07-27";1;"Uruguay"
"2022-07-27";1;"Morocco"
"2022-07-27";1;"Moldova"
"2022-07-27";1;"Solomon_Islands"
"2022-07-27";1;"Mongolia"
"2022-07-27";1;"Panama"
"2022-07-27";1;"Seychelles"
"2022-07-27";1;"Laos"
"2022-07-27";1;"Guyana"
"2022-07-27";1;"Finland"
"2022-07-27";1;"Oman"
"2022-07-27";1;"Ivory_Coast"
"2022-07-27";1;"Comoros"
"2022-07-28";1;"Grenada"
"2022-07-28";1;"Uruguay"
"2022-07-28";1;"Morocco"
"2022-07-28";1;"Moldova"
"2022-07-28";1;"Solomon_Islands"
"2022-07-28";1;"Mongolia"
"2022-07-28";1;"Panama"
"2022-07-28";1;"Laos"
"2022-07-28";1;"Guyana"
"2022-07-28";1;"Oman"
"2022-07-28";1;"Ivory_Coast"
"2022-07-28";1;"Comoros"
"2022-07-29";1;"Comoros"
"2022-07-29";1;"Grenada"
"2022-07-29";1;"Uruguay"
"2022-07-29";1;"Morocco"
"2022-07-29";1;"Moldova"
"2022-07-29";1;"Mongolia"
"2022-07-29";1;"Panama"
"2022-07-29";1;"Seychelles"
"2022-07-29";1;"Brazil"
"2022-07-29";1;"Laos"
"2022-07-29";1;"Guyana"
"2022-07-29";1;"Oman"
"2022-07-30";1;"Comoros"
"2022-07-30";1;"Libya"
"2022-07-30";1;"Uruguay"
"2022-07-30";1;"Moldova"
"2022-07-30";1;"Mongolia"
"2022-07-30";1;"Burundi"
"2022-07-30";1;"Seychelles"
"2022-07-30";1;"Laos"
"2022-07-30";1;"Guyana"
"2022-07-30";1;"Oman"
"2022-07-31";1;"Oman"
"2022-07-31";2;"Comoros"
"2022-07-31";1;"Libya"
"2022-07-31";1;"Uruguay"
"2022-07-31";1;"Moldova"
"2022-07-31";1;"Burundi"
"2022-07-31";1;"Seychelles"
"2022-07-31";1;"Equatorial_Guinea"
"2022-07-31";1;"Laos"
"2022-07-31";1;"Guyana"
"2022-08-01";1;"Oman"
"2022-08-01";2;"Comoros"
"2022-08-01";1;"Maldives"
"2022-08-01";1;"Libya"
"2022-08-01";1;"Namibia"
"2022-08-01";1;"Burundi"
"2022-08-01";1;"Honduras"
"2022-08-01";1;"Seychelles"
"2022-08-01";1;"Dominica"
"2022-08-01";1;"Equatorial_Guinea"
"2022-08-01";2;"Guyana"
"2022-08-02";1;"Guyana"
"2022-08-02";2;"Comoros"
"2022-08-02";1;"Maldives"
"2022-08-02";1;"Libya"
"2022-08-02";1;"Bosnia_Herzegovina"
"2022-08-02";1;"Burundi"
"2022-08-02";1;"Honduras"
"2022-08-02";1;"Dominica"
"2022-08-03";2;"Honduras"
"2022-08-03";1;"Oman"
"2022-08-03";2;"Comoros"
"2022-08-03";1;"Libya"
"2022-08-03";1;"Bosnia_Herzegovina"
"2022-08-03";1;"Morocco"
"2022-08-03";1;"Ivory_Coast"
"2022-08-03";1;"Burundi"
"2022-08-04";1;"Burundi"
"2022-08-04";1;"Honduras"
"2022-08-04";1;"Grenada"
"2022-08-04";1;"Oman"
"2022-08-04";2;"Comoros"
"2022-08-04";1;"Philippines"
"2022-08-04";1;"Jamaica"
"2022-08-04";2;"El_Salvador"
"2022-08-04";1;"Ivory_Coast"
"2022-08-05";1;"Ivory_Coast"
"2022-08-05";1;"Burundi"
"2022-08-05";1;"Guyana"
"2022-08-05";1;"Honduras"
"2022-08-05";1;"Grenada"
"2022-08-05";1;"Oman"
"2022-08-05";2;"Comoros"
"2022-08-05";1;"Philippines"
"2022-08-05";1;"Uruguay"
"2022-08-05";1;"Jamaica"
"2022-08-05";2;"El_Salvador"
"2022-08-06";1;"Jamaica"
"2022-08-06";1;"El_Salvador"
"2022-08-06";1;"Ivory_Coast"
"2022-08-06";2;"Burundi"
"2022-08-06";1;"Guyana"
"2022-08-06";1;"Honduras"
"2022-08-06";1;"Poland"
"2022-08-06";1;"Australia"
"2022-08-06";1;"Philippines"
"2022-08-06";1;"Uruguay"
"2022-08-06";1;"Finland"
"2022-08-06";1;"Sierra_Leone"
"2022-08-07";1;"Dominica"
"2022-08-07";2;"El_Salvador"
"2022-08-07";1;"Ivory_Coast"
"2022-08-07";1;"Burundi"
"2022-08-07";1;"Guyana"
"2022-08-07";1;"Honduras"
"2022-08-07";1;"Poland"
"2022-08-07";1;"Saudi_Arabia"
"2022-08-07";1;"Libya"
"2022-08-07";1;"Australia"
"2022-08-07";1;"Solomon_Islands"
"2022-08-07";1;"Philippines"
"2022-08-07";1;"Uruguay"
"2022-08-07";1;"Finland"
"2022-08-07";1;"Sierra_Leone"
"2022-08-08";1;"Micronesia"
"2022-08-08";2;"El_Salvador"
"2022-08-08";1;"Ivory_Coast"
"2022-08-08";1;"Burundi"
"2022-08-08";1;"Guyana"
"2022-08-08";1;"Honduras"
"2022-08-08";1;"Saudi_Arabia"
"2022-08-08";1;"Libya"
"2022-08-08";1;"Australia"
"2022-08-08";1;"Solomon_Islands"
"2022-08-08";1;"Morocco"
"2022-08-08";1;"Panama"
"2022-08-08";1;"Philippines"
"2022-08-08";1;"Uruguay"
"2022-08-08";1;"Sierra_Leone"
"2022-08-08";1;"Seychelles"
"2022-08-09";1;"Seychelles"
"2022-08-09";1;"Micronesia"
"2022-08-09";1;"El_Salvador"
"2022-08-09";1;"Burundi"
"2022-08-09";1;"Honduras"
"2022-08-09";1;"Namibia"
"2022-08-09";1;"Saudi_Arabia"
"2022-08-09";1;"Libya"
"2022-08-09";1;"Australia"
"2022-08-09";1;"Solomon_Islands"
"2022-08-09";1;"Morocco"
"2022-08-09";1;"Panama"
"2022-08-09";1;"Uruguay"
"2022-08-09";1;"Sierra_Leone"
"2022-08-10";1;"Sierra_Leone"
"2022-08-10";1;"Micronesia"
"2022-08-10";1;"El_Salvador"
"2022-08-10";1;"Burundi"
"2022-08-10";1;"Honduras"
"2022-08-10";1;"Benin"
"2022-08-10";1;"Namibia"
"2022-08-10";1;"Libya"
"2022-08-10";1;"Australia"
"2022-08-10";1;"Solomon_Islands"
"2022-08-10";1;"Morocco"
"2022-08-10";1;"Panama"
"2022-08-10";1;"Finland"
"2022-08-11";1;"Micronesia"
"2022-08-11";1;"Ivory_Coast"
"2022-08-11";2;"El_Salvador"
"2022-08-11";1;"Guyana"
"2022-08-11";1;"Burundi"
"2022-08-11";1;"Honduras"
"2022-08-11";1;"Benin"
"2022-08-11";1;"Namibia"
"2022-08-11";2;"Australia"
"2022-08-11";1;"Solomon_Islands"
"2022-08-11";1;"Uruguay"
"2022-08-11";1;"Panama"
"2022-08-11";1;"Finland"
"2022-08-11";1;"Singapore"
"2022-08-12";1;"Finland"
"2022-08-12";1;"Singapore"
"2022-08-12";1;"Micronesia"
"2022-08-12";2;"Ivory_Coast"
"2022-08-12";2;"El_Salvador"
"2022-08-12";1;"Guyana"
"2022-08-12";1;"Maldives"
"2022-08-12";2;"Burundi"
"2022-08-12";1;"Honduras"
"2022-08-12";1;"Benin"
"2022-08-12";1;"Namibia"
"2022-08-12";2;"Australia"
"2022-08-12";1;"Solomon_Islands"
"2022-08-12";2;"Uruguay"
"2022-08-12";1;"Panama"
"2022-08-13";1;"Australia"
"2022-08-13";1;"Solomon_Islands"
"2022-08-13";2;"Uruguay"
"2022-08-13";1;"Panama"
"2022-08-13";1;"Dominica"
"2022-08-13";1;"Finland"
"2022-08-13";1;"Singapore"
"2022-08-13";1;"Micronesia"
"2022-08-13";2;"Ivory_Coast"
"2022-08-13";1;"El_Salvador"
"2022-08-13";1;"Guyana"
"2022-08-13";1;"Maldives"
"2022-08-13";1;"Benin"
"2022-08-13";2;"Namibia"
"2022-08-13";1;"Morocco"
"2022-08-14";1;"Australia"
"2022-08-14";1;"Solomon_Islands"
"2022-08-14";2;"Uruguay"
"2022-08-14";1;"Panama"
"2022-08-14";1;"Dominica"
"2022-08-14";1;"Finland"
"2022-08-14";1;"Mozambique"
"2022-08-14";2;"Micronesia"
"2022-08-14";2;"Ivory_Coast"
"2022-08-14";1;"El_Salvador"
"2022-08-14";1;"Guyana"
"2022-08-14";1;"Maldives"
"2022-08-14";1;"Yemen"
"2022-08-14";1;"Libya"
"2022-08-14";1;"Namibia"
"2022-08-14";1;"Morocco"
"2022-08-15";2;"Morocco"
"2022-08-15";1;"Australia"
"2022-08-15";2;"Solomon_Islands"
"2022-08-15";1;"Uruguay"
"2022-08-15";1;"Panama"
"2022-08-15";1;"Dominica"
"2022-08-15";1;"Finland"
"2022-08-15";1;"Mozambique"
"2022-08-15";2;"Micronesia"
"2022-08-15";1;"Ivory_Coast"
"2022-08-15";1;"El_Salvador"
"2022-08-15";1;"Guyana"
"2022-08-15";1;"Maldives"
"2022-08-15";1;"Yemen"
"2022-08-15";1;"Brazil"
"2022-08-15";1;"Libya"
"2022-08-15";1;"Namibia"
"2022-08-16";1;"Namibia"
"2022-08-16";2;"Morocco"
"2022-08-16";2;"Solomon_Islands"
"2022-08-16";1;"Uruguay"
"2022-08-16";2;"Panama"
"2022-08-16";1;"Dominica"
"2022-08-16";1;"Finland"
"2022-08-16";1;"Mozambique"
"2022-08-16";2;"Micronesia"
"2022-08-16";1;"Kuwait"
"2022-08-16";1;"Ivory_Coast"
"2022-08-16";2;"El_Salvador"
"2022-08-16";1;"Maldives"
"2022-08-16";1;"Yemen"
"2022-08-16";1;"Brazil"
"2022-08-17";1;"Namibia"
"2022-08-17";2;"Morocco"
"2022-08-17";1;"Bulgaria"
"2022-08-17";1;"Solomon_Islands"
"2022-08-17";1;"Panama"
"2022-08-17";1;"Dominica"
"2022-08-17";1;"Finland"
"2022-08-17";2;"Micronesia"
"2022-08-17";1;"Burundi"
"2022-08-17";1;"Kuwait"
"2022-08-17";1;"Ivory_Coast"
"2022-08-17";1;"El_Salvador"
"2022-08-17";1;"Maldives"
"2022-08-17";1;"Yemen"
"2022-08-17";1;"Brazil"
"2022-08-18";2;"Morocco"
"2022-08-18";1;"Solomon_Islands"
"2022-08-18";1;"Panama"
"2022-08-18";1;"Dominica"
"2022-08-18";1;"Finland"
"2022-08-18";2;"Micronesia"
"2022-08-18";1;"Burundi"
"2022-08-18";1;"Kuwait"
"2022-08-18";1;"El_Salvador"
"2022-08-18";1;"Moldova"
"2022-08-18";1;"Maldives"
"2022-08-18";1;"Yemen"
"2022-08-18";1;"Brazil"
"2022-08-19";1;"Brazil"
"2022-08-19";1;"Bulgaria"
"2022-08-19";2;"Morocco"
"2022-08-19";2;"Panama"
"2022-08-19";1;"Finland"
"2022-08-19";2;"Micronesia"
"2022-08-19";1;"Burundi"
"2022-08-19";1;"Kuwait"
"2022-08-19";1;"El_Salvador"
"2022-08-19";1;"Moldova"
"2022-08-19";1;"Maldives"
"2022-08-19";1;"Yemen"
"2022-08-20";1;"Oman"
"2022-08-20";1;"Bulgaria"
"2022-08-20";2;"Morocco"
"2022-08-20";2;"Panama"
"2022-08-20";1;"Ivory_Coast"
"2022-08-20";1;"Micronesia"
"2022-08-20";1;"Burundi"
"2022-08-20";1;"Kuwait"
"2022-08-20";1;"El_Salvador"
"2022-08-20";1;"Maldives"
"2022-08-21";1;"Maldives"
"2022-08-21";1;"Brazil"
"2022-08-21";1;"Oman"
"2022-08-21";1;"Bulgaria"
"2022-08-21";2;"Morocco"
"2022-08-21";2;"Panama"
"2022-08-21";1;"Ivory_Coast"
"2022-08-21";1;"Burundi"
"2022-08-21";2;"Kuwait"
"2022-08-22";1;"Maldives"
"2022-08-22";1;"Jamaica"
"2022-08-22";1;"Namibia"
"2022-08-22";1;"Uruguay"
"2022-08-22";1;"Oman"
"2022-08-22";1;"Bulgaria"
"2022-08-22";2;"Morocco"
"2022-08-22";2;"Panama"
"2022-08-22";1;"Ivory_Coast"
"2022-08-22";2;"Kuwait"
"2022-08-23";1;"Kuwait"
"2022-08-23";1;"Namibia"
"2022-08-23";1;"Oman"
"2022-08-23";1;"Morocco"
"2022-08-23";1;"Bosnia_Herzegovina"
"2022-08-23";2;"Panama"
"2022-08-23";1;"Ivory_Coast"
"2022-08-24";1;"Kuwait"
"2022-08-24";1;"Namibia"
"2022-08-24";1;"Uruguay"
"2022-08-24";1;"Oman"
"2022-08-24";1;"Morocco"
"2022-08-24";1;"Bosnia_Herzegovina"
"2022-08-24";1;"Panama"
"2022-08-24";1;"Lesotho"
"2022-08-25";1;"Kuwait"
"2022-08-25";1;"Namibia"
"2022-08-25";1;"Oman"
"2022-08-25";1;"Morocco"
"2022-08-25";1;"Bosnia_Herzegovina"
"2022-08-25";1;"Panama"
"2022-08-25";1;"Lesotho"
"2022-08-26";1;"Lesotho"
"2022-08-26";1;"Kuwait"
"2022-08-26";1;"Namibia"
"2022-08-26";1;"Poland"
"2022-08-26";1;"Oman"
"2022-08-26";1;"Morocco"
"2022-08-26";1;"Panama"
"2022-08-26";1;"El_Salvador"
"2022-08-27";1;"El_Salvador"
"2022-08-27";1;"Lesotho"
"2022-08-27";1;"Argentina"
"2022-08-27";1;"Kuwait"
"2022-08-27";1;"Namibia"
"2022-08-27";1;"Dominica"
"2022-08-27";1;"Poland"
"2022-08-27";2;"Morocco"
"2022-08-27";1;"Panama"
"2022-08-28";1;"El_Salvador"
"2022-08-28";1;"Lesotho"
"2022-08-28";1;"Argentina"
"2022-08-28";1;"Kuwait"
"2022-08-28";2;"Namibia"
"2022-08-28";1;"Dominica"
"2022-08-28";1;"Guyana"
"2022-08-28";2;"Morocco"
"2022-08-28";1;"Panama"
"2022-08-29";1;"Panama"
"2022-08-29";1;"Brazil"
"2022-08-29";1;"El_Salvador"
"2022-08-29";1;"Lesotho"
"2022-08-29";1;"Argentina"
"2022-08-29";1;"Kuwait"
"2022-08-29";2;"Namibia"
"2022-08-29";2;"Dominica"
"2022-08-29";1;"Guyana"
"2022-08-29";2;"Morocco"
"2022-08-30";1;"Seychelles"
"2022-08-30";1;"Panama"
"2022-08-30";2;"Brazil"
"2022-08-30";2;"El_Salvador"
"2022-08-30";1;"Lesotho"
"2022-08-30";1;"Kuwait"
"2022-08-30";2;"Namibia"
"2022-08-30";1;"Dominica"
"2022-08-30";1;"Guyana"
"2022-08-30";2;"Morocco"
"2022-08-31";2;"Morocco"
"2022-08-31";1;"Seychelles"
"2022-08-31";1;"Panama"
"2022-08-31";2;"Brazil"
"2022-08-31";2;"El_Salvador"
"2022-08-31";1;"Lesotho"
"2022-08-31";1;"Kuwait"
"2022-08-31";2;"Namibia"
"2022-08-31";1;"Guyana"
"2022-09-01";1;"Morocco"
"2022-09-01";1;"Seychelles"
"2022-09-01";1;"Panama"
"2022-09-01";1;"Malaysia"
"2022-09-01";2;"Brazil"
"2022-09-01";1;"El_Salvador"
"2022-09-01";1;"Lesotho"
"2022-09-01";1;"Finland"
"2022-09-01";1;"Kuwait"
"2022-09-01";2;"Namibia"
"2022-09-01";1;"Guyana"
"2022-09-02";1;"Morocco"
"2022-09-02";1;"Australia"
"2022-09-02";1;"Seychelles"
"2022-09-02";1;"Panama"
"2022-09-02";2;"Malaysia"
"2022-09-02";2;"Brazil"
"2022-09-02";1;"El_Salvador"
"2022-09-02";1;"Lesotho"
"2022-09-02";1;"Finland"
"2022-09-02";1;"Kuwait"
"2022-09-02";1;"Honduras"
"2022-09-02";2;"Namibia"
"2022-09-03";1;"Sierra_Leone"
"2022-09-03";1;"Morocco"
"2022-09-03";1;"Panama"
"2022-09-03";1;"Malaysia"
"2022-09-03";1;"Brazil"
"2022-09-03";1;"El_Salvador"
"2022-09-03";1;"Lesotho"
"2022-09-03";1;"Kuwait"
"2022-09-03";1;"Honduras"
"2022-09-03";2;"Namibia"
"2022-09-04";1;"Sierra_Leone"
"2022-09-04";1;"Singapore"
"2022-09-04";2;"Morocco"
"2022-09-04";1;"Panama"
"2022-09-04";2;"Brazil"
"2022-09-04";1;"El_Salvador"
"2022-09-04";1;"Lesotho"
"2022-09-04";1;"Kuwait"
"2022-09-04";1;"Honduras"
"2022-09-04";2;"Namibia"
"2022-09-04";1;"Ivory_Coast"
"2022-09-04";1;"Guyana"
"2022-09-05";2;"Namibia"
"2022-09-05";1;"Equatorial_Guinea"
"2022-09-05";1;"Ivory_Coast"
"2022-09-05";1;"Guyana"
"2022-09-05";1;"Sierra_Leone"
"2022-09-05";1;"Singapore"
"2022-09-05";2;"Morocco"
"2022-09-05";1;"Solomon_Islands"
"2022-09-05";1;"Panama"
"2022-09-05";1;"Brazil"
"2022-09-05";2;"El_Salvador"
"2022-09-05";1;"Lesotho"
"2022-09-05";1;"Kuwait"
"2022-09-05";1;"Honduras"
"2022-09-05";2;"Libya"
"2022-09-06";1;"Libya"
"2022-09-06";2;"Namibia"
"2022-09-06";1;"Ivory_Coast"
"2022-09-06";1;"Jamaica"
"2022-09-06";1;"Australia"
"2022-09-06";1;"Sierra_Leone"
"2022-09-06";1;"Seychelles"
"2022-09-06";2;"Morocco"
"2022-09-06";1;"Solomon_Islands"
"2022-09-06";1;"Brazil"
"2022-09-06";2;"El_Salvador"
"2022-09-06";1;"Lesotho"
"2022-09-06";1;"Kuwait"
"2022-09-06";1;"Honduras"
"2022-09-07";1;"Guyana"
"2022-09-07";2;"Namibia"
"2022-09-07";1;"Ivory_Coast"
"2022-09-07";1;"Jamaica"
"2022-09-07";1;"Australia"
"2022-09-07";1;"Sierra_Leone"
"2022-09-07";1;"Seychelles"
"2022-09-07";1;"Solomon_Islands"
"2022-09-07";1;"Brazil"
"2022-09-07";3;"El_Salvador"
"2022-09-07";1;"Mongolia"
"2022-09-07";1;"Oman"
"2022-09-07";1;"Lesotho"
"2022-09-07";1;"Kuwait"
"2022-09-07";1;"Honduras"
"2022-09-08";1;"Kuwait"
"2022-09-08";1;"Guyana"
"2022-09-08";2;"Namibia"
"2022-09-08";1;"Ivory_Coast"
"2022-09-08";1;"Jamaica"
"2022-09-08";1;"Australia"
"2022-09-08";1;"Turkmenistan"
"2022-09-08";1;"Sierra_Leone"
"2022-09-08";1;"Seychelles"
"2022-09-08";2;"Solomon_Islands"
"2022-09-08";1;"Brazil"
"2022-09-08";3;"El_Salvador"
"2022-09-08";1;"Mongolia"
"2022-09-08";1;"Oman"
"2022-09-08";1;"Lesotho"
"2022-09-09";1;"Kuwait"
"2022-09-09";1;"Guyana"
"2022-09-09";2;"Namibia"
"2022-09-09";1;"Ivory_Coast"
"2022-09-09";1;"Grenada"
"2022-09-09";1;"Jamaica"
"2022-09-09";1;"Australia"
"2022-09-09";1;"Turkmenistan"
"2022-09-09";1;"Sierra_Leone"
"2022-09-09";1;"Seychelles"
"2022-09-09";1;"Solomon_Islands"
"2022-09-09";1;"Brazil"
"2022-09-09";3;"El_Salvador"
"2022-09-09";1;"Mongolia"
"2022-09-09";2;"Oman"
"2022-09-09";1;"Lesotho"
"2022-09-10";1;"Kuwait"
"2022-09-10";1;"Namibia"
"2022-09-10";1;"Ivory_Coast"
"2022-09-10";1;"Grenada"
"2022-09-10";1;"Jamaica"
"2022-09-10";1;"Comoros"
"2022-09-10";1;"Australia"
"2022-09-10";1;"Sierra_Leone"
"2022-09-10";1;"Seychelles"
"2022-09-10";1;"Solomon_Islands"
"2022-09-10";1;"Brazil"
"2022-09-10";3;"El_Salvador"
"2022-09-10";1;"Mongolia"
"2022-09-10";2;"Oman"
"2022-09-10";1;"Lesotho"
"2022-09-11";2;"Oman"
"2022-09-11";1;"Lesotho"
"2022-09-11";1;"Singapore"
"2022-09-11";1;"Ivory_Coast"
"2022-09-11";1;"Grenada"
"2022-09-11";1;"Jamaica"
"2022-09-11";1;"Comoros"
"2022-09-11";2;"Australia"
"2022-09-11";1;"Sierra_Leone"
"2022-09-11";1;"Brazil"
"2022-09-11";3;"El_Salvador"
"2022-09-12";1;"Brazil"
"2022-09-12";2;"El_Salvador"
"2022-09-12";1;"Oman"
"2022-09-12";1;"Lesotho"
"2022-09-12";1;"Maldives"
"2022-09-12";1;"Singapore"
"2022-09-12";1;"Malaysia"
"2022-09-12";1;"Ivory_Coast"
"2022-09-12";2;"Grenada"
"2022-09-12";1;"Australia"
"2022-09-12";1;"Sierra_Leone"
"2022-09-13";2;"El_Salvador"
"2022-09-13";1;"Oman"
"2022-09-13";1;"Lesotho"
"2022-09-13";1;"Maldives"
"2022-09-13";1;"Singapore"
"2022-09-13";1;"Malaysia"
"2022-09-13";1;"Ivory_Coast"
"2022-09-13";1;"Grenada"
"2022-09-13";1;"Australia"
"2022-09-13";1;"Sierra_Leone"
"2022-09-13";1;"Benin"
"2022-09-13";1;"Yemen"
"2022-09-14";1;"Yemen"
"2022-09-14";1;"El_Salvador"
"2022-09-14";1;"Oman"
"2022-09-14";1;"Lesotho"
"2022-09-14";1;"Maldives"
"2022-09-14";1;"Singapore"
"2022-09-14";1;"Malaysia"
"2022-09-14";1;"Ivory_Coast"
"2022-09-14";1;"Grenada"
"2022-09-14";1;"Saudi_Arabia"
"2022-09-14";1;"Philippines"
"2022-09-14";1;"Benin"
"2022-09-15";1;"Honduras"
"2022-09-15";1;"Yemen"
"2022-09-15";1;"El_Salvador"
"2022-09-15";1;"Oman"
"2022-09-15";1;"Lesotho"
"2022-09-15";2;"Maldives"
"2022-09-15";1;"Singapore"
"2022-09-15";1;"Jamaica"
"2022-09-15";1;"Malaysia"
"2022-09-15";1;"Ivory_Coast"
"2022-09-15";1;"Grenada"
"2022-09-15";1;"Saudi_Arabia"
"2022-09-15";1;"Australia"
"2022-09-15";1;"Philippines"
"2022-09-16";1;"Honduras"
"2022-09-16";1;"Brazil"
"2022-09-16";1;"Yemen"
"2022-09-16";2;"El_Salvador"
"2022-09-16";2;"Oman"
"2022-09-16";1;"Lesotho"
"2022-09-16";1;"Maldives"
"2022-09-16";1;"Singapore"
"2022-09-16";1;"Ivory_Coast"
"2022-09-16";1;"Grenada"
"2022-09-16";1;"Saudi_Arabia"
"2022-09-16";2;"Australia"
"2022-09-16";1;"Philippines"
"2022-09-17";1;"Philippines"
"2022-09-17";1;"Honduras"
"2022-09-17";1;"Yemen"
"2022-09-17";1;"Senegal"
"2022-09-17";2;"El_Salvador"
"2022-09-17";1;"Oman"
"2022-09-17";1;"Lesotho"
"2022-09-17";1;"Maldives"
"2022-09-17";1;"Grenada"
"2022-09-17";1;"Saudi_Arabia"
"2022-09-17";2;"Australia"
"2022-09-18";1;"Philippines"
"2022-09-18";1;"Honduras"
"2022-09-18";1;"Senegal"
"2022-09-18";2;"El_Salvador"
"2022-09-18";1;"Uruguay"
"2022-09-18";1;"Oman"
"2022-09-18";1;"Lesotho"
"2022-09-18";1;"Maldives"
"2022-09-18";1;"Grenada"
"2022-09-18";1;"Saudi_Arabia"
"2022-09-18";1;"Burundi"
"2022-09-18";2;"Australia"
"2022-09-18";1;"Laos"
"2022-09-19";2;"Australia"
"2022-09-19";1;"Laos"
"2022-09-19";1;"Philippines"
"2022-09-19";1;"Brazil"
"2022-09-19";1;"Honduras"
"2022-09-19";1;"Namibia"
"2022-09-19";1;"Senegal"
"2022-09-19";1;"Argentina"
"2022-09-19";1;"El_Salvador"
"2022-09-19";1;"Oman"
"2022-09-19";1;"Lesotho"
"2022-09-19";1;"Maldives"
"2022-09-19";1;"Grenada"
"2022-09-19";1;"Saudi_Arabia"
"2022-09-19";1;"Burundi"
"2022-09-20";1;"Saudi_Arabia"
"2022-09-20";1;"Burundi"
"2022-09-20";1;"Australia"
"2022-09-20";1;"Laos"
"2022-09-20";1;"Brazil"
"2022-09-20";1;"Honduras"
"2022-09-20";1;"Namibia"
"2022-09-20";1;"Senegal"
"2022-09-20";1;"El_Salvador"
"2022-09-20";1;"Lesotho"
"2022-09-20";1;"Seychelles"
"2022-09-20";1;"Poland"
"2022-09-20";1;"Maldives"
"2022-09-21";1;"Saudi_Arabia"
"2022-09-21";1;"Burundi"
"2022-09-21";1;"Australia"
"2022-09-21";1;"Yemen"
"2022-09-21";1;"Brazil"
"2022-09-21";1;"Honduras"
"2022-09-21";1;"Namibia"
"2022-09-21";1;"Bulgaria"
"2022-09-21";1;"Senegal"
"2022-09-21";1;"El_Salvador"
"2022-09-21";1;"Lesotho"
"2022-09-21";1;"Seychelles"
"2022-09-21";1;"Poland"
"2022-09-21";1;"Maldives"
"2022-09-21";1;"Benin"
"2022-09-22";2;"Saudi_Arabia"
"2022-09-22";1;"Australia"
"2022-09-22";1;"Yemen"
"2022-09-22";1;"Brazil"
"2022-09-22";1;"Namibia"
"2022-09-22";1;"Bulgaria"
"2022-09-22";1;"El_Salvador"
"2022-09-22";1;"Seychelles"
"2022-09-22";1;"Poland"
"2022-09-22";1;"Maldives"
"2022-09-22";2;"Benin"
"2022-09-23";2;"Benin"
"2022-09-23";2;"Saudi_Arabia"
"2022-09-23";1;"Australia"
"2022-09-23";1;"Yemen"
"2022-09-23";1;"Brazil"
"2022-09-23";1;"Bulgaria"
"2022-09-23";1;"Seychelles"
"2022-09-23";1;"Poland"
"2022-09-23";1;"Maldives"
"2022-09-24";1;"Benin"
"2022-09-24";2;"Saudi_Arabia"
"2022-09-24";1;"Yemen"
"2022-09-24";1;"Brazil"
"2022-09-24";1;"Turkmenistan"
"2022-09-24";1;"Jamaica"
"2022-09-24";1;"Bulgaria"
"2022-09-24";1;"Solomon_Islands"
"2022-09-24";1;"Ivory_Coast"
"2022-09-24";2;"Poland"
"2022-09-24";1;"Maldives"
"2022-09-25";1;"Benin"
"2022-09-25";1;"Saudi_Arabia"
"2022-09-25";1;"Yemen"
"2022-09-25";1;"Jamaica"
"2022-09-25";1;"El_Salvador"
"2022-09-25";1;"Malaysia"
"2022-09-25";1;"Bulgaria"
"2022-09-25";1;"Solomon_Islands"
"2022-09-25";1;"Ivory_Coast"
"2022-09-25";2;"Poland"
"2022-09-26";1;"Poland"
"2022-09-26";1;"Benin"
"2022-09-26";1;"Saudi_Arabia"
"2022-09-26";1;"Yemen"
"2022-09-26";1;"Turkmenistan"
"2022-09-26";1;"Oman"
"2022-09-26";1;"Jamaica"
"2022-09-26";1;"El_Salvador"
"2022-09-26";1;"Malaysia"
"2022-09-26";2;"Bulgaria"
"2022-09-26";1;"Solomon_Islands"
"2022-09-26";1;"Ivory_Coast"
"2022-09-27";1;"Poland"
"2022-09-27";1;"Benin"
"2022-09-27";1;"Saudi_Arabia"
"2022-09-27";1;"Yemen"
"2022-09-27";1;"Turkmenistan"
"2022-09-27";1;"Oman"
"2022-09-27";1;"Sierra_Leone"
"2022-09-27";1;"Jamaica"
"2022-09-27";1;"El_Salvador"
"2022-09-27";1;"Malaysia"
"2022-09-27";3;"Bulgaria"
"2022-09-27";1;"Solomon_Islands"
"2022-09-28";1;"Solomon_Islands"
"2022-09-28";1;"Benin"
"2022-09-28";1;"Saudi_Arabia"
"2022-09-28";1;"Yemen"
"2022-09-28";1;"Turkmenistan"
"2022-09-28";1;"Oman"
"2022-09-28";1;"Sierra_Leone"
"2022-09-28";1;"Jamaica"
"2022-09-28";1;"El_Salvador"
"2022-09-28";1;"Seychelles"
"2022-09-28";2;"Malaysia"
"2022-09-28";3;"Bulgaria"
"2022-09-29";3;"Bulgaria"
"2022-09-29";1;"Solomon_Islands"
"2022-09-29";1;"Benin"
"2022-09-29";1;"Uruguay"
"2022-09-29";1;"Saudi_Arabia"
"2022-09-29";1;"Yemen"
"2022-09-29";1;"Oman"
"2022-09-29";1;"Bosnia_Herzegovina"
"2022-09-29";1;"Sierra_Leone"
"2022-09-29";1;"Jamaica"
"2022-09-29";2;"Seychelles"
"2022-09-29";1;"Malaysia"
"2022-09-30";1;"Seychelles"
"2022-09-30";4;"Bulgaria"
"2022-09-30";1;"Solomon_Islands"
"2022-09-30";1;"Burundi"
"2022-09-30";1;"Uruguay"
"2022-09-30";1;"Saudi_Arabia"
"2022-09-30";1;"Yemen"
"2022-09-30";1;"Oman"
"2022-09-30";1;"Bosnia_Herzegovina"
"2022-09-30";1;"Sierra_Leone"
"2022-10-01";1;"Seychelles"
"2022-10-01";3;"Bulgaria"
"2022-10-01";1;"Solomon_Islands"
"2022-10-01";1;"Burundi"
"2022-10-01";1;"Australia"
"2022-10-01";1;"Brazil"
"2022-10-01";1;"Saudi_Arabia"
"2022-10-01";1;"Yemen"
"2022-10-01";1;"Oman"
"2022-10-01";1;"Bosnia_Herzegovina"
"2022-10-02";1;"Bosnia_Herzegovina"
"2022-10-02";1;"Seychelles"
"2022-10-02";3;"Bulgaria"
"2022-10-02";1;"Solomon_Islands"
"2022-10-02";1;"Burundi"
"2022-10-02";1;"Australia"
"2022-10-02";1;"Brazil"
"2022-10-02";1;"Saudi_Arabia"
"2022-10-02";1;"Yemen"
"2022-10-02";1;"Oman"
"2022-10-03";1;"Yemen"
"2022-10-03";1;"Oman"
"2022-10-03";1;"Bosnia_Herzegovina"
"2022-10-03";1;"Philippines"
"2022-10-03";1;"Seychelles"
"2022-10-03";2;"Bulgaria"
"2022-10-03";1;"Burundi"
"2022-10-03";1;"Honduras"
"2022-10-03";1;"Panama"
"2022-10-03";1;"Finland"
"2022-10-03";1;"Saudi_Arabia"
"2022-10-04";1;"Yemen"
"2022-10-04";1;"Oman"
"2022-10-04";1;"Bosnia_Herzegovina"
"2022-10-04";1;"Philippines"
"2022-10-04";1;"Seychelles"
"2022-10-04";1;"Bulgaria"
"2022-10-04";1;"Burundi"
"2022-10-04";1;"Honduras"
"2022-10-04";1;"Uruguay"
"2022-10-04";1;"Panama"
"2022-10-04";1;"Singapore"
"2022-10-04";1;"Finland"
"2022-10-04";1;"Lesotho"
"2022-10-04";1;"El_Salvador"
"2022-10-05";1;"El_Salvador"
"2022-10-05";1;"Yemen"
"2022-10-05";1;"Oman"
"2022-10-05";1;"Bosnia_Herzegovina"
"2022-10-05";1;"Philippines"
"2022-10-05";2;"Seychelles"
"2022-10-05";1;"Bulgaria"
"2022-10-05";1;"Burundi"
"2022-10-05";1;"Honduras"
"2022-10-05";2;"Uruguay"
"2022-10-05";1;"Panama"
"2022-10-05";1;"Singapore"
"2022-10-05";1;"Finland"
"2022-10-05";1;"Lesotho"
"2022-10-06";1;"El_Salvador"
"2022-10-06";1;"Yemen"
"2022-10-06";1;"Oman"
"2022-10-06";1;"Bosnia_Herzegovina"
"2022-10-06";1;"Philippines"
"2022-10-06";3;"Seychelles"
"2022-10-06";1;"Bulgaria"
"2022-10-06";1;"Burundi"
"2022-10-06";1;"Dominica"
"2022-10-06";2;"Panama"
"2022-10-06";1;"Singapore"
"2022-10-06";1;"Lesotho"
"2022-10-07";1;"El_Salvador"
"2022-10-07";1;"Yemen"
"2022-10-07";1;"Oman"
"2022-10-07";3;"Seychelles"
"2022-10-07";1;"Bulgaria"
"2022-10-07";1;"Burundi"
"2022-10-07";1;"Dominica"
"2022-10-07";1;"Panama"
"2022-10-07";1;"Singapore"
"2022-10-07";1;"Lesotho"
"2022-10-08";1;"Poland"
"2022-10-08";1;"El_Salvador"
"2022-10-08";1;"Morocco"
"2022-10-08";3;"Seychelles"
"2022-10-08";1;"Bulgaria"
"2022-10-08";1;"Burundi"
"2022-10-08";1;"Panama"
"2022-10-08";1;"Singapore"
"2022-10-08";1;"Lesotho"
"2022-10-09";1;"Lesotho"
"2022-10-09";1;"Poland"
"2022-10-09";2;"Seychelles"
"2022-10-09";1;"Bulgaria"
"2022-10-09";1;"Saudi_Arabia"
"2022-10-09";1;"Panama"
"2022-10-09";1;"Singapore"
"2022-10-10";1;"Singapore"
"2022-10-10";1;"Lesotho"
"2022-10-10";1;"Poland"
"2022-10-10";1;"Honduras"
"2022-10-10";2;"Brazil"
"2022-10-10";2;"Bulgaria"
"2022-10-10";1;"Saudi_Arabia"
"2022-10-10";1;"Panama"
"2022-10-11";1;"Saudi_Arabia"
"2022-10-11";1;"Panama"
"2022-10-11";1;"Singapore"
"2022-10-11";1;"Lesotho"
"2022-10-11";1;"Guyana"
"2022-10-11";1;"Oman"
"2022-10-11";1;"Seychelles"
"2022-10-11";1;"Honduras"
"2022-10-11";2;"Brazil"
"2022-10-11";2;"Bulgaria"
"2022-10-12";1;"Libya"
"2022-10-12";1;"Panama"
"2022-10-12";1;"Singapore"
"2022-10-12";1;"Lesotho"
"2022-10-12";1;"Guyana"
"2022-10-12";1;"Oman"
"2022-10-12";1;"Seychelles"
"2022-10-12";1;"Honduras"
"2022-10-12";1;"Brazil"
"2022-10-12";3;"Bulgaria"
"2022-10-13";1;"Libya"
"2022-10-13";1;"Panama"
"2022-10-13";1;"Singapore"
"2022-10-13";1;"Lesotho"
"2022-10-13";1;"Guyana"
"2022-10-13";1;"Sao_Tome_Principe"
"2022-10-13";1;"Oman"
"2022-10-13";1;"Seychelles"
"2022-10-13";1;"Honduras"
"2022-10-13";1;"Brazil"
"2022-10-13";4;"Bulgaria"
"2022-10-14";1;"Libya"
"2022-10-14";1;"Kuwait"
"2022-10-14";1;"Panama"
"2022-10-14";1;"Singapore"
"2022-10-14";1;"Guyana"
"2022-10-14";1;"Sao_Tome_Principe"
"2022-10-14";1;"Oman"
"2022-10-14";1;"Seychelles"
"2022-10-14";1;"Honduras"
"2022-10-14";1;"Brazil"
"2022-10-14";3;"Bulgaria"
"2022-10-15";1;"Bulgaria"
"2022-10-15";1;"Libya"
"2022-10-15";1;"Kuwait"
"2022-10-15";2;"Singapore"
"2022-10-15";1;"Guyana"
"2022-10-15";1;"Sao_Tome_Principe"
"2022-10-15";1;"Oman"
"2022-10-15";1;"Senegal"
"2022-10-15";1;"Seychelles"
"2022-10-15";1;"Honduras"
"2022-10-15";1;"Brazil"
"2022-10-16";1;"Brazil"
"2022-10-16";1;"Honduras"
"2022-10-16";1;"Bulgaria"
"2022-10-16";1;"Libya"
"2022-10-16";1;"Kuwait"
"2022-10-16";1;"Lesotho"
"2022-10-16";1;"Singapore"
"2022-10-16";1;"Guyana"
"2022-10-16";1;"Sao_Tome_Principe"
"2022-10-16";1;"Oman"
"2022-10-16";1;"Uruguay"
"2022-10-16";1;"Micronesia"
"2022-10-16";1;"Seychelles"
"2022-10-17";1;"Seychelles"
"2022-10-17";2;"Brazil"
"2022-10-17";1;"Honduras"
"2022-10-17";1;"Bulgaria"
"2022-10-17";1;"Libya"
"2022-10-17";1;"Kuwait"
"2022-10-17";1;"Lesotho"
"2022-10-17";1;"Singapore"
"2022-10-17";1;"Guyana"
"2022-10-17";1;"Sao_Tome_Principe"
"2022-10-17";1;"Uruguay"
"2022-10-17";1;"Micronesia"
"2022-10-18";2;"Brazil"
"2022-10-18";1;"Bulgaria"
"2022-10-18";1;"Libya"
"2022-10-18";1;"Lesotho"
"2022-10-18";1;"Singapore"
"2022-10-18";1;"Guyana"
"2022-10-18";1;"Sao_Tome_Principe"
"2022-10-18";1;"Uruguay"
"2022-10-18";1;"Micronesia"
"2022-10-19";1;"Micronesia"
"2022-10-19";2;"Brazil"
"2022-10-19";1;"El_Salvador"
"2022-10-19";1;"Bulgaria"
"2022-10-19";1;"Libya"
"2022-10-19";1;"Morocco"
"2022-10-19";1;"Lesotho"
"2022-10-19";1;"Singapore"
"2022-10-19";1;"Guyana"
"2022-10-19";2;"Uruguay"
"2022-10-20";1;"Micronesia"
"2022-10-20";2;"Brazil"
"2022-10-20";1;"El_Salvador"
"2022-10-20";1;"Bulgaria"
"2022-10-20";1;"Libya"
"2022-10-20";1;"Morocco"
"2022-10-20";1;"Singapore"
"2022-10-20";1;"Oman"
"2022-10-20";1;"Uruguay"
"2022-10-21";1;"Uruguay"
"2022-10-21";1;"Bulgaria"
"2022-10-21";1;"Libya"
"2022-10-21";1;"Morocco"
"2022-10-21";1;"Singapore"
"2022-10-21";1;"Oman"
"2022-10-22";1;"Micronesia"
"2022-10-22";1;"Bulgaria"
"2022-10-22";1;"Libya"
"2022-10-22";1;"Dominica"
"2022-10-22";1;"Oman"
"2022-10-22";1;"Maldives"
"2022-10-23";1;"Maldives"
"2022-10-23";2;"Uruguay"
"2022-10-23";1;"Laos"
"2022-10-23";1;"Micronesia"
"2022-10-23";1;"Bulgaria"
"2022-10-23";1;"Morocco"
"2022-10-23";1;"Dominica"
"2022-10-23";1;"Oman"
"2022-10-24";1;"Sierra_Leone"
"2022-10-24";2;"Uruguay"
"2022-10-24";1;"Laos"
"2022-10-24";1;"Micronesia"
"2022-10-24";1;"Bulgaria"
"2022-10-24";1;"Morocco"
"2022-10-24";1;"Dominica"
"2022-10-25";1;"Dominica"
"2022-10-25";1;"Sierra_Leone"
"2022-10-25";2;"Uruguay"
"2022-10-25";1;"Laos"
"2022-10-25";1;"Micronesia"
"2022-10-25";1;"Mozambique"
"2022-10-25";1;"Bulgaria"
"2022-10-25";1;"Burundi"
"2022-10-25";1;"Morocco"
"2022-10-26";1;"Dominica"
"2022-10-26";1;"Sierra_Leone"
"2022-10-26";1;"Uruguay"
"2022-10-26";1;"Panama"
"2022-10-26";1;"Laos"
"2022-10-26";1;"Micronesia"
"2022-10-26";1;"Mozambique"
"2022-10-26";1;"Senegal"
"2022-10-26";1;"Bulgaria"
"2022-10-26";1;"Turkmenistan"
"2022-10-26";1;"Burundi"
"2022-10-26";1;"Morocco"
"2022-10-27";1;"Equatorial_Guinea"
"2022-10-27";1;"Dominica"
"2022-10-27";1;"Uruguay"
"2022-10-27";3;"Panama"
"2022-10-27";1;"Micronesia"
"2022-10-27";1;"Mozambique"
"2022-10-27";1;"Bulgaria"
"2022-10-27";1;"Turkmenistan"
"2022-10-27";1;"Burundi"
"2022-10-28";1;"Mongolia"
"2022-10-28";1;"Equatorial_Guinea"
"2022-10-28";1;"Dominica"
"2022-10-28";1;"Uruguay"
"2022-10-28";3;"Panama"
"2022-10-28";1;"Micronesia"
"2022-10-28";1;"Mozambique"
"2022-10-28";1;"Bulgaria"
"2022-10-29";1;"Burundi"
"2022-10-29";1;"Mongolia"
"2022-10-29";1;"Seychelles"
"2022-10-29";1;"Equatorial_Guinea"
"2022-10-29";1;"Dominica"
"2022-10-29";3;"Panama"
"2022-10-29";1;"Micronesia"
"2022-10-29";1;"Mozambique"
"2022-10-29";1;"Bulgaria"
"2022-10-29";1;"Morocco"
"2022-10-30";2;"Morocco"
"2022-10-30";1;"Burundi"
"2022-10-30";1;"Mongolia"
"2022-10-30";1;"Honduras"
"2022-10-30";1;"Equatorial_Guinea"
"2022-10-30";1;"Uruguay"
"2022-10-30";2;"Panama"
"2022-10-30";1;"Micronesia"
"2022-10-30";1;"Singapore"
"2022-10-30";1;"Guyana"
"2022-10-30";1;"Mozambique"
"2022-10-31";2;"Morocco"
"2022-10-31";1;"Honduras"
"2022-10-31";1;"Solomon_Islands"
"2022-10-31";1;"Philippines"
"2022-10-31";1;"Uruguay"
"2022-10-31";1;"Panama"
"2022-10-31";1;"Senegal"
"2022-10-31";1;"Singapore"
"2022-10-31";1;"Guyana"
"2022-10-31";1;"Mozambique"
"2022-10-31";1;"Ivory_Coast"
"2022-11-01";1;"Ivory_Coast"
"2022-11-01";2;"Morocco"
"2022-11-01";1;"Honduras"
"2022-11-01";2;"Brazil"
"2022-11-01";1;"Solomon_Islands"
"2022-11-01";1;"Philippines"
"2022-11-01";2;"Uruguay"
"2022-11-01";1;"Comoros"
"2022-11-01";1;"Panama"
"2022-11-01";1;"Senegal"
"2022-11-01";1;"Mozambique"
"2022-11-02";1;"Maldives"
"2022-11-02";2;"Morocco"
"2022-11-02";1;"Yemen"
"2022-11-02";1;"Honduras"
"2022-11-02";2;"Brazil"
"2022-11-02";2;"Uruguay"
"2022-11-02";1;"Comoros"
"2022-11-02";1;"Panama"
"2022-11-02";1;"Finland"
"2022-11-03";1;"Maldives"
"2022-11-03";2;"Morocco"
"2022-11-03";1;"Yemen"
"2022-11-03";2;"Brazil"
"2022-11-03";1;"Australia"
"2022-11-03";3;"Uruguay"
"2022-11-03";1;"Comoros"
"2022-11-03";1;"Panama"
"2022-11-03";1;"Finland"
"2022-11-04";1;"Ivory_Coast"
"2022-11-04";1;"Maldives"
"2022-11-04";2;"Morocco"
"2022-11-04";1;"El_Salvador"
"2022-11-04";1;"Yemen"
"2022-11-04";2;"Brazil"
"2022-11-04";1;"Australia"
"2022-11-04";2;"Uruguay"
"2022-11-04";2;"Comoros"
"2022-11-04";1;"Panama"
"2022-11-04";1;"Finland"
"2022-11-05";1;"Finland"
"2022-11-05";1;"Ivory_Coast"
"2022-11-05";1;"Maldives"
"2022-11-05";1;"Morocco"
"2022-11-05";1;"El_Salvador"
"2022-11-05";1;"Yemen"
"2022-11-05";2;"Brazil"
"2022-11-05";1;"Uruguay"
"2022-11-05";2;"Comoros"
"2022-11-05";1;"Panama"
"2022-11-06";1;"Seychelles"
"2022-11-06";1;"Ivory_Coast"
"2022-11-06";1;"Morocco"
"2022-11-06";1;"El_Salvador"
"2022-11-06";1;"Yemen"
"2022-11-06";1;"Australia"
"2022-11-06";2;"Brazil"
"2022-11-06";1;"Micronesia"
"2022-11-06";1;"Uruguay"
"2022-11-06";1;"Grenada"
"2022-11-06";1;"Panama"
"2022-11-07";1;"Grenada"
"2022-11-07";1;"Panama"
"2022-11-07";1;"Seychelles"
"2022-11-07";2;"Ivory_Coast"
"2022-11-07";1;"Maldives"
"2022-11-07";1;"Morocco"
"2022-11-07";2;"El_Salvador"
"2022-11-07";1;"Yemen"
"2022-11-07";2;"Australia"
"2022-11-07";2;"Brazil"
"2022-11-07";1;"Micronesia"
"2022-11-07";1;"Uruguay"
"2022-11-08";1;"Uruguay"
"2022-11-08";2;"Panama"
"2022-11-08";1;"Seychelles"
"2022-11-08";2;"Ivory_Coast"
"2022-11-08";1;"Maldives"
"2022-11-08";1;"Philippines"
"2022-11-08";1;"Lesotho"
"2022-11-08";1;"Morocco"
"2022-11-08";2;"El_Salvador"
"2022-11-08";1;"Yemen"
"2022-11-08";2;"Australia"
"2022-11-08";2;"Brazil"
"2022-11-08";1;"Micronesia"
"2022-11-09";1;"Uruguay"
"2022-11-09";2;"Panama"
"2022-11-09";1;"Seychelles"
"2022-11-09";2;"Ivory_Coast"
"2022-11-09";1;"Maldives"
"2022-11-09";1;"Philippines"
"2022-11-09";1;"Lesotho"
"2022-11-09";3;"El_Salvador"
"2022-11-09";1;"Yemen"
"2022-11-09";2;"Australia"
"2022-11-09";2;"Brazil"
"2022-11-09";1;"Singapore"
"2022-11-09";1;"Micronesia"
"2022-11-10";1;"Uruguay"
"2022-11-10";2;"Panama"
"2022-11-10";1;"Ivory_Coast"
"2022-11-10";2;"Maldives"
"2022-11-10";2;"Lesotho"
"2022-11-10";3;"El_Salvador"
"2022-11-10";1;"Yemen"
"2022-11-10";2;"Australia"
"2022-11-10";2;"Brazil"
"2022-11-10";1;"Singapore"
"2022-11-10";1;"Micronesia"
"2022-11-11";1;"Singapore"
"2022-11-11";1;"Micronesia"
"2022-11-11";1;"Uruguay"
"2022-11-11";2;"Panama"
"2022-11-11";2;"Maldives"
"2022-11-11";1;"Philippines"
"2022-11-11";1;"Lesotho"
"2022-11-11";3;"El_Salvador"
"2022-11-11";1;"Yemen"
"2022-11-11";2;"Australia"
"2022-11-11";2;"Brazil"
"2022-11-12";3;"Brazil"
"2022-11-12";1;"Singapore"
"2022-11-12";1;"Micronesia"
"2022-11-12";1;"Uruguay"
"2022-11-12";2;"Panama"
"2022-11-12";1;"Maldives"
"2022-11-12";1;"Philippines"
"2022-11-12";1;"Lesotho"
"2022-11-12";3;"El_Salvador"
"2022-11-12";1;"Yemen"
"2022-11-12";2;"Australia"
"2022-11-12";1;"Oman"
"2022-11-12";1;"Bulgaria"
"2022-11-13";1;"Yemen"
"2022-11-13";3;"Australia"
"2022-11-13";1;"Oman"
"2022-11-13";3;"Brazil"
"2022-11-13";1;"Singapore"
"2022-11-13";1;"Micronesia"
"2022-11-13";1;"Uruguay"
"2022-11-13";1;"Seychelles"
"2022-11-13";2;"Panama"
"2022-11-13";1;"Maldives"
"2022-11-13";1;"Senegal"
"2022-11-13";1;"Lesotho"
"2022-11-13";1;"El_Salvador"
"2022-11-14";1;"El_Salvador"
"2022-11-14";3;"Australia"
"2022-11-14";2;"Brazil"
"2022-11-14";1;"Singapore"
"2022-11-14";1;"Micronesia"
"2022-11-14";1;"Uruguay"
"2022-11-14";1;"Seychelles"
"2022-11-14";2;"Panama"
"2022-11-14";1;"Maldives"
"2022-11-14";1;"Senegal"
"2022-11-15";1;"El_Salvador"
"2022-11-15";2;"Australia"
"2022-11-15";1;"Burundi"
"2022-11-15";1;"Brazil"
"2022-11-15";1;"Micronesia"
"2022-11-15";1;"Dominica"
"2022-11-15";1;"Uruguay"
"2022-11-15";1;"Seychelles"
"2022-11-15";2;"Panama"
"2022-11-15";1;"Maldives"
"2022-11-15";1;"Lesotho"
"2022-11-15";1;"Senegal"
"2022-11-16";1;"Lesotho"
"2022-11-16";1;"Senegal"
"2022-11-16";1;"Finland"
"2022-11-16";2;"Australia"
"2022-11-16";1;"Micronesia"
"2022-11-16";2;"Dominica"
"2022-11-16";1;"Seychelles"
"2022-11-16";2;"Panama"
"2022-11-16";1;"Namibia"
"2022-11-16";1;"Maldives"
"2022-11-17";1;"Lesotho"
"2022-11-17";1;"Senegal"
"2022-11-17";1;"Finland"
"2022-11-17";3;"Australia"
"2022-11-17";1;"Micronesia"
"2022-11-17";2;"Dominica"
"2022-11-17";1;"Seychelles"
"2022-11-17";2;"Panama"
"2022-11-17";1;"Namibia"
"2022-11-17";1;"Libya"
"2022-11-17";1;"Maldives"
"2022-11-18";1;"Maldives"
"2022-11-18";1;"Lesotho"
"2022-11-18";1;"Senegal"
"2022-11-18";1;"Finland"
"2022-11-18";1;"Burundi"
"2022-11-18";1;"Brazil"
"2022-11-18";3;"Australia"
"2022-11-18";2;"Dominica"
"2022-11-18";1;"Morocco"
"2022-11-18";2;"Panama"
"2022-11-18";1;"Namibia"
"2022-11-18";1;"Libya"
"2022-11-19";1;"Mongolia"
"2022-11-19";1;"Lesotho"
"2022-11-19";1;"Burundi"
"2022-11-19";1;"Brazil"
"2022-11-19";3;"Australia"
"2022-11-19";1;"Uruguay"
"2022-11-19";3;"Dominica"
"2022-11-19";1;"Morocco"
"2022-11-19";2;"Panama"
"2022-11-19";1;"Namibia"
"2022-11-19";1;"Libya"
"2022-11-20";1;"Mongolia"
"2022-11-20";1;"Lesotho"
"2022-11-20";2;"Burundi"
"2022-11-20";1;"Brazil"
"2022-11-20";3;"Australia"
"2022-11-20";3;"Dominica"
"2022-11-20";1;"Morocco"
"2022-11-20";1;"Panama"
"2022-11-20";1;"Namibia"
"2022-11-20";1;"Libya"
"2022-11-21";1;"Libya"
"2022-11-21";1;"Bulgaria"
"2022-11-21";1;"Mongolia"
"2022-11-21";1;"Lesotho"
"2022-11-21";2;"Burundi"
"2022-11-21";1;"Brazil"
"2022-11-21";2;"Australia"
"2022-11-21";2;"Dominica"
"2022-11-21";1;"Philippines"
"2022-11-21";1;"Morocco"
"2022-11-21";1;"Panama"
"2022-11-21";1;"Namibia"
"2022-11-22";1;"Libya"
"2022-11-22";1;"Bulgaria"
"2022-11-22";1;"Poland"
"2022-11-22";1;"Mongolia"
"2022-11-22";1;"Burundi"
"2022-11-22";1;"Brazil"
"2022-11-22";1;"Australia"
"2022-11-22";1;"Seychelles"
"2022-11-22";3;"Dominica"
"2022-11-22";1;"Philippines"
"2022-11-22";1;"Morocco"
"2022-11-22";1;"Panama"
"2022-11-23";1;"Panama"
"2022-11-23";1;"Grenada"
"2022-11-23";1;"Libya"
"2022-11-23";1;"Poland"
"2022-11-23";1;"Mongolia"
"2022-11-23";1;"Solomon_Islands"
"2022-11-23";1;"Burundi"
"2022-11-23";1;"Brazil"
"2022-11-23";1;"Australia"
"2022-11-23";1;"Seychelles"
"2022-11-23";2;"Dominica"
"2022-11-23";1;"Philippines"
"2022-11-23";1;"Morocco"
"2022-11-24";1;"Philippines"
"2022-11-24";1;"Morocco"
"2022-11-24";1;"Yemen"
"2022-11-24";1;"Saudi_Arabia"
"2022-11-24";1;"Panama"
"2022-11-24";1;"Grenada"
"2022-11-24";1;"Poland"
"2022-11-24";1;"Mongolia"
"2022-11-24";1;"Solomon_Islands"
"2022-11-24";1;"Burundi"
"2022-11-24";1;"Brazil"
"2022-11-24";1;"Seychelles"
"2022-11-24";2;"Dominica"
"2022-11-25";2;"Philippines"
"2022-11-25";1;"Maldives"
"2022-11-25";1;"Morocco"
"2022-11-25";1;"Yemen"
"2022-11-25";1;"Saudi_Arabia"
"2022-11-25";2;"Panama"
"2022-11-25";1;"Grenada"
"2022-11-25";1;"Poland"
"2022-11-25";1;"Mongolia"
"2022-11-25";1;"Solomon_Islands"
"2022-11-25";1;"Uruguay"
"2022-11-25";1;"Burundi"
"2022-11-25";1;"Brazil"
"2022-11-25";1;"Seychelles"
"2022-11-25";2;"Dominica"
"2022-11-26";1;"Dominica"
"2022-11-26";2;"Philippines"
"2022-11-26";1;"Maldives"
"2022-11-26";1;"Morocco"
"2022-11-26";1;"Yemen"
"2022-11-26";1;"Saudi_Arabia"
"2022-11-26";1;"Panama"
"2022-11-26";1;"Grenada"
"2022-11-26";1;"Mongolia"
"2022-11-26";1;"Solomon_Islands"
"2022-11-26";1;"Uruguay"
"2022-11-26";1;"Brazil"
"2022-11-26";1;"Seychelles"
"2022-11-27";2;"Philippines"
"2022-11-27";1;"Morocco"
"2022-11-27";1;"Senegal"
"2022-11-27";1;"Yemen"
"2022-11-27";1;"Panama"
"2022-11-27";1;"Equatorial_Guinea"
"2022-11-27";1;"Grenada"
"2022-11-27";1;"Mongolia"
"2022-11-27";1;"Uruguay"
"2022-11-27";1;"Brazil"
"2022-11-28";2;"Philippines"
"2022-11-28";1;"Morocco"
"2022-11-28";1;"Senegal"
"2022-11-28";1;"Yemen"
"2022-11-28";1;"Panama"
"2022-11-28";1;"Grenada"
"2022-11-28";1;"Australia"
"2022-11-28";1;"Mongolia"
"2022-11-28";1;"Uruguay"
"2022-11-28";1;"Brazil"
"2022-11-29";1;"Dominica"
"2022-11-29";2;"Philippines"
"2022-11-29";1;"Morocco"
"2022-11-29";1;"Senegal"
"2022-11-29";1;"Honduras"
"2022-11-29";1;"Burundi"
"2022-11-29";1;"Australia"
"2022-11-29";1;"Mongolia"
"2022-11-29";1;"Uruguay"
"2022-11-29";1;"Brazil"
"2022-11-30";1;"Brazil"
"2022-11-30";1;"Equatorial_Guinea"
"2022-11-30";2;"Philippines"
"2022-11-30";1;"Morocco"
"2022-11-30";1;"Panama"
"2022-11-30";1;"Honduras"
"2022-11-30";1;"Burundi"
"2022-11-30";1;"Australia"
"2022-11-30";1;"Mongolia"
"2022-11-30";2;"Uruguay"
"2022-12-01";1;"Brazil"
"2022-12-01";2;"Philippines"
"2022-12-01";2;"Panama"
"2022-12-01";1;"Honduras"
"2022-12-01";1;"Burundi"
"2022-12-01";1;"Mongolia"
"2022-12-01";1;"Uruguay"
"2022-12-02";1;"Mongolia"
"2022-12-02";2;"Brazil"
"2022-12-02";1;"Bulgaria"
"2022-12-02";1;"Bosnia_Herzegovina"
"2022-12-02";1;"Laos"
"2022-12-02";1;"Senegal"
"2022-12-02";2;"Panama"
"2022-12-02";1;"Philippines"
"2022-12-02";1;"Honduras"
"2022-12-02";1;"Turkmenistan"
"2022-12-02";1;"Burundi"
"2022-12-03";1;"Uruguay"
"2022-12-03";1;"Brazil"
"2022-12-03";1;"Bulgaria"
"2022-12-03";1;"Singapore"
"2022-12-03";1;"Bosnia_Herzegovina"
"2022-12-03";1;"Laos"
"2022-12-03";1;"Philippines"
"2022-12-03";1;"Honduras"
"2022-12-03";1;"Turkmenistan"
"2022-12-03";1;"Jamaica"
"2022-12-04";1;"Turkmenistan"
"2022-12-04";1;"Uruguay"
"2022-12-04";1;"Bulgaria"
"2022-12-04";1;"Saudi_Arabia"
"2022-12-04";1;"Singapore"
"2022-12-04";1;"Bosnia_Herzegovina"
"2022-12-04";1;"Morocco"
"2022-12-04";1;"Honduras"
"2022-12-05";1;"Turkmenistan"
"2022-12-05";2;"Uruguay"
"2022-12-05";1;"Bulgaria"
"2022-12-05";1;"Saudi_Arabia"
"2022-12-05";1;"Singapore"
"2022-12-05";1;"Bosnia_Herzegovina"
"2022-12-05";1;"Morocco"
"2022-12-05";1;"Burundi"
"2022-12-06";1;"Burundi"
"2022-12-06";1;"Turkmenistan"
"2022-12-06";3;"Uruguay"
"2022-12-06";1;"Bulgaria"
"2022-12-06";1;"Saudi_Arabia"
"2022-12-06";1;"Singapore"
"2022-12-06";1;"Bosnia_Herzegovina"
"2022-12-06";1;"Morocco"
"2022-12-07";2;"Jamaica"
"2022-12-07";1;"Burundi"
"2022-12-07";1;"Dominica"
"2022-12-07";1;"Turkmenistan"
"2022-12-07";1;"Maldives"
"2022-12-07";3;"Uruguay"
"2022-12-07";1;"Lesotho"
"2022-12-07";1;"Bulgaria"
"2022-12-07";1;"Saudi_Arabia"
"2022-12-07";1;"Singapore"
"2022-12-07";1;"Bosnia_Herzegovina"
"2022-12-07";1;"Morocco"
"2022-12-08";1;"Seychelles"
"2022-12-08";2;"Jamaica"
"2022-12-08";1;"Burundi"
"2022-12-08";2;"Dominica"
"2022-12-08";1;"Brazil"
"2022-12-08";1;"Turkmenistan"
"2022-12-08";2;"Uruguay"
"2022-12-08";1;"Lesotho"
"2022-12-08";1;"Bulgaria"
"2022-12-08";1;"Singapore"
"2022-12-08";1;"Bosnia_Herzegovina"
"2022-12-08";1;"Morocco"
"2022-12-09";1;"Namibia"
"2022-12-09";1;"Seychelles"
"2022-12-09";1;"Jamaica"
"2022-12-09";1;"Burundi"
"2022-12-09";1;"Dominica"
"2022-12-09";1;"Brazil"
"2022-12-09";2;"Uruguay"
"2022-12-09";1;"Lesotho"
"2022-12-09";1;"Singapore"
"2022-12-09";1;"Bosnia_Herzegovina"
"2022-12-09";1;"Morocco"
"2022-12-10";1;"Namibia"
"2022-12-10";1;"Seychelles"
"2022-12-10";1;"Jamaica"
"2022-12-10";1;"Burundi"
"2022-12-10";1;"Dominica"
"2022-12-10";1;"Brazil"
"2022-12-10";2;"Uruguay"
"2022-12-10";1;"Lesotho"
"2022-12-10";1;"Bosnia_Herzegovina"
"2022-12-10";1;"Morocco"
"2022-12-11";1;"Seychelles"
"2022-12-11";1;"Burundi"
"2022-12-11";1;"Dominica"
"2022-12-11";1;"Brazil"
"2022-12-11";2;"Uruguay"
"2022-12-11";1;"Panama"
"2022-12-11";1;"Lesotho"
"2022-12-11";1;"Bosnia_Herzegovina"
"2022-12-11";1;"Morocco"
"2022-12-12";1;"Seychelles"
"2022-12-12";1;"Finland"
"2022-12-12";1;"Burundi"
"2022-12-12";1;"Dominica"
"2022-12-12";2;"Uruguay"
"2022-12-12";1;"Panama"
"2022-12-12";1;"Honduras"
"2022-12-12";1;"Bosnia_Herzegovina"
"2022-12-12";1;"Morocco"
"2022-12-13";1;"Bosnia_Herzegovina"
"2022-12-13";1;"Morocco"
"2022-12-13";1;"Mozambique"
"2022-12-13";1;"Seychelles"
"2022-12-13";1;"Finland"
"2022-12-13";1;"Burundi"
"2022-12-13";2;"Uruguay"
"2022-12-13";1;"Panama"
"2022-12-13";1;"Honduras"
"2022-12-14";1;"Bosnia_Herzegovina"
"2022-12-14";1;"Morocco"
"2022-12-14";1;"Mozambique"
"2022-12-14";1;"Sierra_Leone"
"2022-12-14";1;"Seychelles"
"2022-12-14";1;"Finland"
"2022-12-14";1;"Grenada"
"2022-12-14";1;"Burundi"
"2022-12-14";1;"Uruguay"
"2022-12-14";1;"Panama"
"2022-12-14";1;"Honduras"
"2022-12-14";1;"Comoros"
"2022-12-15";1;"Comoros"
"2022-12-15";1;"Namibia"
"2022-12-15";1;"Mozambique"
"2022-12-15";1;"Sierra_Leone"
"2022-12-15";1;"Seychelles"
"2022-12-15";1;"Finland"
"2022-12-15";1;"Grenada"
"2022-12-15";1;"Uruguay"
"2022-12-15";1;"Panama"
"2022-12-15";1;"Honduras"
"2022-12-16";1;"Honduras"
"2022-12-16";1;"Comoros"
"2022-12-16";1;"Libya"
"2022-12-16";1;"Mozambique"
"2022-12-16";1;"Sierra_Leone"
"2022-12-16";1;"Finland"
"2022-12-16";1;"Solomon_Islands"
"2022-12-16";1;"Uruguay"
"2022-12-16";1;"Panama"
"2022-12-17";1;"Comoros"
"2022-12-17";1;"Libya"
"2022-12-17";1;"Mozambique"
"2022-12-17";1;"Sierra_Leone"
"2022-12-17";1;"Finland"
"2022-12-17";1;"Bulgaria"
"2022-12-17";1;"Solomon_Islands"
"2022-12-17";2;"Uruguay"
"2022-12-17";2;"Panama"
"2022-12-18";2;"Panama"
"2022-12-18";1;"Bosnia_Herzegovina"
"2022-12-18";1;"Jamaica"
"2022-12-18";1;"Libya"
"2022-12-18";1;"Mozambique"
"2022-12-18";1;"Kuwait"
"2022-12-18";1;"Sierra_Leone"
"2022-12-18";2;"Brazil"
"2022-12-18";2;"Bulgaria"
"2022-12-18";1;"Solomon_Islands"
"2022-12-18";1;"Uruguay"
"2022-12-19";2;"Uruguay"
"2022-12-19";1;"Panama"
"2022-12-19";1;"Bosnia_Herzegovina"
"2022-12-19";1;"Jamaica"
"2022-12-19";1;"Libya"
"2022-12-19";1;"Yemen"
"2022-12-19";1;"Mozambique"
"2022-12-19";1;"Kuwait"
"2022-12-19";1;"Sierra_Leone"
"2022-12-19";3;"Brazil"
"2022-12-19";2;"Bulgaria"
"2022-12-19";1;"Solomon_Islands"
"2022-12-20";2;"Uruguay"
"2022-12-20";1;"Panama"
"2022-12-20";1;"Jamaica"
"2022-12-20";1;"Yemen"
"2022-12-20";1;"Mozambique"
"2022-12-20";1;"Kuwait"
"2022-12-20";1;"Sierra_Leone"
"2022-12-20";1;"Brazil"
"2022-12-20";1;"Moldova"
"2022-12-20";1;"Solomon_Islands"
"2022-12-21";1;"Solomon_Islands"
"2022-12-21";1;"Uruguay"
"2022-12-21";1;"Panama"
"2022-12-21";1;"Maldives"
"2022-12-21";2;"Jamaica"
"2022-12-21";1;"Kuwait"
"2022-12-21";1;"Sierra_Leone"
"2022-12-21";1;"Brazil"
"2022-12-22";1;"Solomon_Islands"
"2022-12-22";1;"Honduras"
"2022-12-22";1;"Uruguay"
"2022-12-22";1;"Panama"
"2022-12-22";1;"Maldives"
"2022-12-22";2;"Jamaica"
"2022-12-22";1;"Kuwait"
"2022-12-22";1;"Sierra_Leone"
"2022-12-22";1;"Brazil"
"2022-12-23";1;"Solomon_Islands"
"2022-12-23";1;"Honduras"
"2022-12-23";1;"Maldives"
"2022-12-23";2;"Jamaica"
"2022-12-23";1;"Sierra_Leone"
"2022-12-23";1;"Brazil"
"2022-12-24";1;"Solomon_Islands"
"2022-12-24";1;"Maldives"
"2022-12-24";3;"Jamaica"
"2022-12-24";1;"Sierra_Leone"
"2022-12-25";1;"Solomon_Islands"
"2022-12-25";1;"Grenada"
"2022-12-25";3;"Jamaica"
"2022-12-25";2;"Sierra_Leone"
"2022-12-26";1;"Solomon_Islands"
"2022-12-26";1;"Grenada"
"2022-12-26";1;"Lesotho"
"2022-12-26";2;"Jamaica"
"2022-12-26";1;"Sierra_Leone"
"2022-12-27";1;"Sierra_Leone"
"2022-12-27";1;"Bosnia_Herzegovina"
"2022-12-27";1;"Solomon_Islands"
"2022-12-27";1;"Dominica"
"2022-12-27";1;"Grenada"
"2022-12-27";1;"Lesotho"
"2022-12-27";1;"Jamaica"
"2022-12-28";1;"Bosnia_Herzegovina"
"2022-12-28";1;"Solomon_Islands"
"2022-12-28";1;"Dominica"
"2022-12-28";1;"Grenada"
"2022-12-28";1;"Lesotho"
"2022-12-28";1;"Jamaica"
"2022-12-29";1;"Oman"
"2022-12-29";1;"Sierra_Leone"
"2022-12-29";1;"Solomon_Islands"
"2022-12-29";1;"Poland"
"2022-12-29";1;"Dominica"
"2022-12-29";1;"Grenada"
"2022-12-29";1;"Lesotho"
"2022-12-29";1;"Jamaica"
"2022-12-30";1;"El_Salvador"
"2022-12-30";1;"Oman"
"2022-12-30";1;"Sierra_Leone"
"2022-12-30";2;"Solomon_Islands"
"2022-12-30";1;"Poland"
"2022-12-30";1;"Kuwait"
"2022-12-30";1;"Lesotho"
"2022-12-31";1;"El_Salvador"
"2022-12-31";1;"Equatorial_Guinea"
"2022-12-31";1;"Finland"
"2022-12-31";1;"Poland"
"2022-12-31";1;"Kuwait"
