date,country,"nÂº sessions"
2022-01-01,Burundi,2
2022-01-01,Micronesia,4
2022-01-01,Morocco,1
2022-01-01,Saudi_Arabia,2
2022-01-02,Burundi,1
2022-01-02,El_Salvador,7
2022-01-03,El_Salvador,3
2022-01-03,Equatorial_Guinea,5
2022-01-03,Oman,1
2022-01-04,Benin,1
2022-01-04,Bulgaria,3
2022-01-04,Equatorial_Guinea,1
2022-01-04,Seychelles,1
2022-01-05,Brazil,1
2022-01-05,Guyana,2
2022-01-05,Seychelles,5
2022-01-06,NULL,0
2022-01-07,Brazil,3
2022-01-07,Ivory_Coast,3
2022-01-07,Lesotho,5
2022-01-07,Sierra_Leone,3
2022-01-08,Brazil,3
2022-01-08,Lesotho,4
2022-01-09,Lesotho,5
2022-01-09,Poland,4
2022-01-10,Lesotho,5
2022-01-10,Maldives,2
2022-01-11,Australia,3
2022-01-11,Lesotho,3
2022-01-11,Seychelles,2
2022-01-12,Finland,2
2022-01-12,Panama,2
2022-01-12,Seychelles,2
2022-01-13,Bulgaria,1
2022-01-13,Grenada,1
2022-01-14,El_Salvador,1
2022-01-14,Guyana,5
2022-01-14,Jamaica,3
2022-01-15,Benin,4
2022-01-15,Guyana,2
2022-01-15,Panama,6
2022-01-16,Benin,1
2022-01-16,Dominica,2
2022-01-16,Moldova,1
2022-01-16,Namibia,4
2022-01-16,Panama,3
2022-01-17,Brazil,2
2022-01-18,Brazil,1
2022-01-18,Ivory_Coast,1
2022-01-18,Morocco,4
2022-01-18,Namibia,2
2022-01-18,Uruguay,1
2022-01-19,Finland,1
2022-01-19,Lesotho,4
2022-01-19,Micronesia,2
2022-01-19,Morocco,1
2022-01-19,Mozambique,4
2022-01-19,Namibia,1
2022-01-19,Seychelles,2
2022-01-20,Finland,5
2022-01-20,Malaysia,3
2022-01-20,Morocco,3
2022-01-20,Panama,1
2022-01-21,Benin,1
2022-01-21,Finland,1
2022-01-21,Kuwait,3
2022-01-21,Malaysia,1
2022-01-21,Micronesia,1
2022-01-22,Kuwait,3
2022-01-22,Moldova,4
2022-01-22,Saudi_Arabia,1
2022-01-22,Yemen,2
2022-01-23,Finland,1
2022-01-23,Philippines,2
2022-01-24,El_Salvador,2
2022-01-24,Finland,2
2022-01-24,Libya,5
2022-01-24,Seychelles,2
2022-01-24,Sierra_Leone,1
2022-01-25,El_Salvador,1
2022-01-25,Libya,4
2022-01-25,Maldives,2
2022-01-26,Finland,1
2022-01-26,Libya,1
2022-01-27,Australia,1
2022-01-27,Brazil,1
2022-01-27,Finland,1
2022-01-27,Lesotho,3
2022-01-27,Oman,4
2022-01-28,Brazil,4
2022-01-28,Oman,1
2022-01-29,Grenada,2
2022-01-29,Ivory_Coast,1
2022-01-29,Micronesia,3
2022-01-30,Micronesia,6
2022-01-30,Uruguay,1
2022-01-31,Maldives,1
2022-01-31,Micronesia,1
2022-01-31,Philippines,3
2022-01-31,Poland,1
2022-01-31,Sierra_Leone,4
2022-01-31,Yemen,3
2022-02-01,Laos,6
2022-02-01,Philippines,1
2022-02-01,Sao_Tome_Principe,1
2022-02-01,Sierra_Leone,1
2022-02-01,Yemen,2
2022-02-02,Bulgaria,2
2022-02-02,Equatorial_Guinea,3
2022-02-02,Jamaica,1
2022-02-02,Laos,1
2022-02-02,Mongolia,3
2022-02-02,Senegal,9
2022-02-03,Argentina,5
2022-02-03,Equatorial_Guinea,1
2022-02-03,Jamaica,3
2022-02-03,Micronesia,2
2022-02-03,Mongolia,1
2022-02-03,Senegal,1
2022-02-04,Argentina,7
2022-02-04,El_Salvador,3
2022-02-04,Finland,3
2022-02-04,Maldives,4
2022-02-04,Senegal,3
2022-02-05,Brazil,1
2022-02-05,El_Salvador,3
2022-02-05,Maldives,1
2022-02-05,Morocco,2
2022-02-05,Namibia,4
2022-02-06,Australia,2
2022-02-06,Brazil,2
2022-02-06,Dominica,4
2022-02-06,Oman,3
2022-02-06,Seychelles,3
2022-02-07,Bulgaria,2
2022-02-07,Dominica,2
2022-02-07,Libya,1
2022-02-07,Maldives,1
2022-02-07,Mongolia,3
2022-02-07,Oman,3
2022-02-08,Benin,4
2022-02-08,Bulgaria,3
2022-02-08,Mongolia,1
2022-02-08,Oman,3
2022-02-08,Poland,2
2022-02-08,Seychelles,1
2022-02-08,Solomon_Islands,1
2022-02-09,Benin,1
2022-02-09,Bulgaria,2
2022-02-09,Lesotho,1
2022-02-09,Panama,1
2022-02-09,Solomon_Islands,2
2022-02-10,Bulgaria,1
2022-02-10,Burundi,5
2022-02-10,Ivory_Coast,1
2022-02-10,Philippines,3
2022-02-11,Burundi,1
2022-02-11,Micronesia,1
2022-02-11,Morocco,1
2022-02-11,Philippines,5
2022-02-11,Yemen,2
2022-02-12,Lesotho,5
2022-02-12,Morocco,1
2022-02-12,Uruguay,5
2022-02-13,Bulgaria,2
2022-02-13,Dominica,2
2022-02-13,El_Salvador,2
2022-02-13,Maldives,2
2022-02-13,Philippines,1
2022-02-13,Singapore,1
2022-02-14,Philippines,4
2022-02-14,Sierra_Leone,2
2022-02-14,Uruguay,2
2022-02-15,El_Salvador,3
2022-02-15,Libya,3
2022-02-15,Maldives,2
2022-02-15,Morocco,3
2022-02-15,Senegal,4
2022-02-15,Turkmenistan,1
2022-02-16,El_Salvador,1
2022-02-16,Honduras,1
2022-02-16,Libya,2
2022-02-16,Maldives,2
2022-02-16,Morocco,1
2022-02-16,Panama,1
2022-02-16,Poland,1
2022-02-16,Seychelles,1
2022-02-16,Turkmenistan,4
2022-02-17,Dominica,3
2022-02-17,El_Salvador,1
2022-02-17,Maldives,4
2022-02-17,Morocco,4
2022-02-17,Oman,2
2022-02-17,Panama,1
2022-02-17,Seychelles,5
2022-02-18,Grenada,1
2022-02-18,Honduras,3
2022-02-18,Morocco,2
2022-02-18,Oman,1
2022-02-18,Seychelles,5
2022-02-18,Uruguay,3
2022-02-19,Bosnia_Herzegovina,3
2022-02-19,Bulgaria,2
2022-02-19,Lesotho,2
2022-02-19,Seychelles,5
2022-02-19,Uruguay,1
2022-02-20,Bosnia_Herzegovina,3
2022-02-20,Brazil,3
2022-02-20,Seychelles,3
2022-02-21,Brazil,2
2022-02-21,El_Salvador,1
2022-02-21,Saudi_Arabia,2
2022-02-22,Bulgaria,1
2022-02-22,El_Salvador,1
2022-02-22,Lesotho,5
2022-02-22,Panama,1
2022-02-22,Saudi_Arabia,1
2022-02-23,Bulgaria,5
2022-02-23,Burundi,1
2022-02-23,El_Salvador,4
2022-02-23,Panama,4
2022-02-24,Brazil,1
2022-02-24,Bulgaria,3
2022-02-24,El_Salvador,4
2022-02-24,Panama,2
2022-02-24,Saudi_Arabia,1
2022-02-25,Brazil,2
2022-02-25,Bulgaria,3
2022-02-25,Seychelles,1
2022-02-26,Benin,2
2022-02-26,Moldova,1
2022-02-26,Morocco,5
2022-02-26,Sao_Tome_Principe,2
2022-02-26,Seychelles,8
2022-02-27,Dominica,1
2022-02-27,Grenada,3
2022-02-27,Libya,3
2022-02-27,Maldives,1
2022-02-27,Morocco,7
2022-02-27,Philippines,1
2022-02-28,Brazil,1
2022-02-28,Libya,2
2022-02-28,Morocco,1
2022-02-28,Philippines,4
2022-03-01,Comoros,3
2022-03-01,Uruguay,3
2022-03-02,Equatorial_Guinea,2
2022-03-02,Singapore,4
2022-03-02,Uruguay,6
2022-03-03,Brazil,4
2022-03-03,Seychelles,1
2022-03-03,Solomon_Islands,2
2022-03-03,Uruguay,6
2022-03-04,Seychelles,4
2022-03-04,Solomon_Islands,4
2022-03-04,Uruguay,7
2022-03-05,Dominica,2
2022-03-05,Guyana,1
2022-03-06,Dominica,6
2022-03-06,El_Salvador,1
2022-03-06,Libya,1
2022-03-07,Dominica,4
2022-03-07,Moldova,1
2022-03-07,Sao_Tome_Principe,2
2022-03-08,Morocco,3
2022-03-08,Sao_Tome_Principe,5
2022-03-09,Honduras,4
2022-03-09,Sao_Tome_Principe,2
2022-03-09,Uruguay,3
2022-03-10,El_Salvador,4
2022-03-10,Micronesia,2
2022-03-10,Oman,6
2022-03-11,Bosnia_Herzegovina,4
2022-03-11,Brazil,1
2022-03-11,Lesotho,1
2022-03-11,Micronesia,2
2022-03-11,Oman,6
2022-03-12,Brazil,3
2022-03-12,Comoros,4
2022-03-12,Grenada,1
2022-03-12,Malaysia,1
2022-03-12,Sierra_Leone,1
2022-03-13,Bulgaria,2
2022-03-13,Micronesia,3
2022-03-13,Turkmenistan,1
2022-03-14,Bulgaria,4
2022-03-14,Dominica,2
2022-03-14,El_Salvador,1
2022-03-14,Laos,2
2022-03-15,Dominica,4
2022-03-15,Laos,3
2022-03-15,Turkmenistan,2
2022-03-15,Uruguay,2
2022-03-16,Australia,2
2022-03-16,Dominica,2
2022-03-16,Turkmenistan,1
2022-03-17,Australia,1
2022-03-18,Finland,1
2022-03-19,El_Salvador,2
2022-03-19,Finland,2
2022-03-19,Lesotho,1
2022-03-19,Mongolia,3
2022-03-19,Morocco,1
2022-03-19,Panama,3
2022-03-19,Senegal,1
2022-03-19,Seychelles,3
2022-03-20,Benin,2
2022-03-20,Comoros,1
2022-03-20,Morocco,2
2022-03-20,Seychelles,2
2022-03-21,Laos,2
2022-03-21,Maldives,1
2022-03-21,Micronesia,1
2022-03-21,Morocco,1
2022-03-21,Panama,2
2022-03-22,Dominica,1
2022-03-22,Kuwait,5
2022-03-22,Laos,2
2022-03-22,Maldives,3
2022-03-22,Micronesia,4
2022-03-22,Panama,3
2022-03-23,Bulgaria,1
2022-03-23,Equatorial_Guinea,1
2022-03-23,Oman,2
2022-03-24,Dominica,2
2022-03-24,Equatorial_Guinea,3
2022-03-24,Grenada,1
2022-03-24,Morocco,3
2022-03-24,Panama,1
2022-03-24,Uruguay,1
2022-03-25,Bulgaria,1
2022-03-25,Finland,3
2022-03-25,Grenada,6
2022-03-25,Ivory_Coast,1
2022-03-25,Panama,3
2022-03-25,Sao_Tome_Principe,4
2022-03-25,Uruguay,3
2022-03-26,Brazil,1
2022-03-26,Grenada,9
2022-03-26,Panama,3
2022-03-26,Sao_Tome_Principe,6
2022-03-26,Senegal,3
2022-03-27,Burundi,5
2022-03-27,Grenada,3
2022-03-28,Oman,1
2022-03-29,Equatorial_Guinea,1
2022-03-29,Guyana,1
2022-03-29,Ivory_Coast,1
2022-03-29,Namibia,2
2022-03-29,Sierra_Leone,1
2022-03-30,Argentina,3
2022-03-30,Guyana,2
2022-03-31,Grenada,2
2022-03-31,Sao_Tome_Principe,1
2022-04-01,Dominica,1
2022-04-01,Sao_Tome_Principe,3
2022-04-02,Dominica,5
2022-04-03,Argentina,4
2022-04-03,Dominica,2
2022-04-03,El_Salvador,2
2022-04-03,Oman,5
2022-04-04,Argentina,3
2022-04-04,Bulgaria,1
2022-04-04,El_Salvador,1
2022-04-04,Honduras,4
2022-04-04,Lesotho,1
2022-04-04,Solomon_Islands,3
2022-04-05,Bosnia_Herzegovina,4
2022-04-05,Brazil,1
2022-04-05,El_Salvador,3
2022-04-05,Honduras,4
2022-04-05,Kuwait,3
2022-04-05,Lesotho,2
2022-04-05,Philippines,2
2022-04-05,Seychelles,1
2022-04-05,Singapore,1
2022-04-05,Solomon_Islands,4
2022-04-05,Uruguay,1
2022-04-06,Bosnia_Herzegovina,2
2022-04-06,El_Salvador,1
2022-04-06,Honduras,6
2022-04-06,Sierra_Leone,2
2022-04-06,Solomon_Islands,1
2022-04-07,Dominica,1
2022-04-07,Honduras,7
2022-04-07,Maldives,5
2022-04-07,Sierra_Leone,1
2022-04-08,Honduras,2
2022-04-08,Ivory_Coast,2
2022-04-08,Maldives,5
2022-04-08,Seychelles,3
2022-04-09,Finland,2
2022-04-09,Libya,1
2022-04-09,Moldova,1
2022-04-10,Guyana,2
2022-04-10,Moldova,3
2022-04-10,Philippines,1
2022-04-11,NULL,0
2022-04-12,Bulgaria,2
2022-04-13,Australia,3
2022-04-13,Poland,1
2022-04-14,Australia,1
2022-04-14,Finland,4
2022-04-14,Jamaica,5
2022-04-14,Poland,5
2022-04-14,Seychelles,1
2022-04-14,Sierra_Leone,3
2022-04-14,Uruguay,1
2022-04-15,Bulgaria,1
2022-04-15,Jamaica,4
2022-04-15,Poland,1
2022-04-15,Uruguay,1
2022-04-15,Yemen,1
2022-04-16,Brazil,2
2022-04-16,Honduras,1
2022-04-16,Jamaica,2
2022-04-16,Oman,4
2022-04-16,Yemen,2
2022-04-17,Brazil,5
2022-04-17,Bulgaria,1
2022-04-17,Honduras,5
2022-04-17,Morocco,2
2022-04-17,Oman,1
2022-04-17,Philippines,2
2022-04-17,Senegal,3
2022-04-18,Brazil,6
2022-04-18,Comoros,3
2022-04-18,Ivory_Coast,2
2022-04-18,Morocco,1
2022-04-18,Uruguay,1
2022-04-19,Brazil,4
2022-04-19,Dominica,1
2022-04-19,Solomon_Islands,4
2022-04-20,Brazil,1
2022-04-20,Dominica,1
2022-04-20,Maldives,1
2022-04-20,Saudi_Arabia,2
2022-04-20,Solomon_Islands,1
2022-04-20,Turkmenistan,1
2022-04-21,NULL,0
2022-04-22,Burundi,1
2022-04-22,Finland,4
2022-04-22,Morocco,1
2022-04-22,Namibia,3
2022-04-23,Burundi,1
2022-04-23,Finland,1
2022-04-23,Morocco,1
2022-04-23,Namibia,2
2022-04-24,Guyana,3
2022-04-24,Maldives,4
2022-04-24,Morocco,2
2022-04-24,Solomon_Islands,1
2022-04-24,Uruguay,3
2022-04-25,El_Salvador,1
2022-04-25,Maldives,2
2022-04-25,Solomon_Islands,4
2022-04-26,Comoros,1
2022-04-26,El_Salvador,3
2022-04-26,Grenada,2
2022-04-27,Burundi,1
2022-04-27,Comoros,1
2022-04-27,Lesotho,1
2022-04-27,Namibia,3
2022-04-27,Panama,3
2022-04-27,Seychelles,3
2022-04-28,Seychelles,2
2022-04-28,Uruguay,3
2022-04-29,Uruguay,7
2022-04-30,Maldives,3
2022-04-30,Moldova,1
2022-04-30,Seychelles,1
2022-04-30,Sierra_Leone,1
2022-04-30,Uruguay,3
2022-05-01,Brazil,1
2022-05-01,Guyana,3
2022-05-01,Jamaica,2
2022-05-01,Libya,4
2022-05-01,Maldives,3
2022-05-01,Moldova,4
2022-05-01,Mongolia,1
2022-05-01,Sierra_Leone,1
2022-05-01,Uruguay,3
2022-05-02,Guyana,2
2022-05-02,Libya,3
2022-05-02,Micronesia,1
2022-05-02,Moldova,4
2022-05-02,Senegal,1
2022-05-02,Uruguay,6
2022-05-03,Dominica,3
2022-05-03,Libya,4
2022-05-04,Dominica,6
2022-05-04,Laos,3
2022-05-05,Burundi,1
2022-05-05,Dominica,2
2022-05-05,Micronesia,1
2022-05-05,Sierra_Leone,2
2022-05-06,Bulgaria,2
2022-05-06,Micronesia,4
2022-05-06,Philippines,1
2022-05-06,Sierra_Leone,5
2022-05-06,Turkmenistan,2
2022-05-06,Yemen,2
2022-05-07,Solomon_Islands,1
2022-05-08,NULL,0
2022-05-09,El_Salvador,6
2022-05-09,Lesotho,4
2022-05-10,El_Salvador,2
2022-05-10,Kuwait,4
2022-05-10,Lesotho,1
2022-05-10,Poland,4
2022-05-10,Sierra_Leone,4
2022-05-11,Burundi,1
2022-05-11,Morocco,3
2022-05-12,Australia,3
2022-05-12,Brazil,1
2022-05-12,Morocco,2
2022-05-12,Poland,1
2022-05-12,Senegal,2
2022-05-13,Dominica,1
2022-05-13,Lesotho,1
2022-05-13,Namibia,3
2022-05-13,Philippines,1
2022-05-13,Senegal,1
2022-05-14,Brazil,1
2022-05-14,Panama,1
2022-05-14,Philippines,1
2022-05-14,Uruguay,4
2022-05-15,Brazil,1
2022-05-15,Dominica,2
2022-05-15,Jamaica,2
2022-05-15,Panama,4
2022-05-15,Uruguay,4
2022-05-16,Finland,2
2022-05-17,Dominica,4
2022-05-17,El_Salvador,2
2022-05-17,Finland,5
2022-05-17,Kuwait,1
2022-05-17,Maldives,4
2022-05-17,Micronesia,1
2022-05-18,Dominica,1
2022-05-18,Laos,1
2022-05-18,Micronesia,1
2022-05-18,Morocco,3
2022-05-19,Australia,5
2022-05-19,Grenada,2
2022-05-19,Micronesia,3
2022-05-19,Morocco,1
2022-05-19,Solomon_Islands,1
2022-05-20,Senegal,3
2022-05-21,Jamaica,2
2022-05-21,Poland,1
2022-05-21,Senegal,5
2022-05-22,Brazil,1
2022-05-22,Jamaica,3
2022-05-22,Yemen,1
2022-05-23,Bulgaria,1
2022-05-23,Jamaica,3
2022-05-23,Malaysia,1
2022-05-24,Jamaica,1
2022-05-24,Malaysia,1
2022-05-24,Namibia,1
2022-05-24,Philippines,2
2022-05-24,Seychelles,2
2022-05-24,Singapore,2
2022-05-25,Maldives,2
2022-05-25,Morocco,4
2022-05-25,Namibia,2
2022-05-25,Philippines,4
2022-05-25,Singapore,3
2022-05-26,Australia,1
2022-05-26,Burundi,2
2022-05-26,Finland,1
2022-05-26,Maldives,2
2022-05-26,Micronesia,1
2022-05-26,Morocco,1
2022-05-26,Philippines,1
2022-05-27,El_Salvador,1
2022-05-27,Kuwait,4
2022-05-27,Oman,1
2022-05-28,Brazil,6
2022-05-28,Malaysia,2
2022-05-28,Mozambique,1
2022-05-28,Namibia,1
2022-05-28,Seychelles,1
2022-05-28,Sierra_Leone,2
2022-05-29,Argentina,1
2022-05-29,Malaysia,2
2022-05-29,Morocco,1
2022-05-30,Morocco,1
2022-05-30,Sierra_Leone,2
2022-05-31,Brazil,1
2022-05-31,Kuwait,1
2022-05-31,Lesotho,5
2022-05-31,Poland,1
2022-05-31,Sierra_Leone,2
2022-06-01,Kuwait,6
2022-06-01,Lesotho,6
2022-06-01,Saudi_Arabia,3
2022-06-01,Seychelles,3
2022-06-02,Brazil,3
2022-06-02,Kuwait,5
2022-06-02,Lesotho,6
2022-06-02,Saudi_Arabia,4
2022-06-02,Seychelles,4
2022-06-02,Uruguay,2
2022-06-03,Brazil,5
2022-06-03,Bulgaria,4
2022-06-03,Comoros,2
2022-06-03,Kuwait,4
2022-06-03,Lesotho,5
2022-06-03,Morocco,1
2022-06-03,Mozambique,3
2022-06-03,Saudi_Arabia,4
2022-06-03,Seychelles,6
2022-06-03,Uruguay,5
2022-06-04,Brazil,2
2022-06-04,Comoros,4
2022-06-04,Kuwait,5
2022-06-04,Lesotho,5
2022-06-04,Libya,1
2022-06-04,Morocco,6
2022-06-04,Mozambique,5
2022-06-04,Saudi_Arabia,5
2022-06-04,Seychelles,4
2022-06-04,Uruguay,4
2022-06-05,Argentina,4
2022-06-05,Brazil,5
2022-06-05,Comoros,1
2022-06-05,El_Salvador,7
2022-06-05,Finland,10
2022-06-05,Kuwait,4
2022-06-05,Lesotho,3
2022-06-05,Libya,4
2022-06-05,Maldives,3
2022-06-05,Mozambique,4
2022-06-05,Sao_Tome_Principe,3
2022-06-05,Seychelles,4
2022-06-05,Uruguay,5
2022-06-06,Brazil,5
2022-06-06,El_Salvador,4
2022-06-06,Finland,4
2022-06-06,Guyana,4
2022-06-06,Kuwait,6
2022-06-06,Lesotho,4
2022-06-06,Libya,6
2022-06-06,Maldives,7
2022-06-06,Moldova,2
2022-06-06,Mozambique,6
2022-06-06,Sao_Tome_Principe,6
2022-06-06,Seychelles,6
2022-06-06,Uruguay,5
2022-06-07,Brazil,7
2022-06-07,El_Salvador,5
2022-06-07,Finland,7
2022-06-07,Guyana,5
2022-06-07,Kuwait,2
2022-06-07,Lesotho,6
2022-06-07,Libya,6
2022-06-07,Maldives,5
2022-06-07,Moldova,2
2022-06-07,Mozambique,5
2022-06-07,Sao_Tome_Principe,5
2022-06-07,Seychelles,5
2022-06-07,Solomon_Islands,4
2022-06-07,Uruguay,4
2022-06-08,Brazil,12
2022-06-08,Dominica,3
2022-06-08,Finland,4
2022-06-08,Guyana,5
2022-06-08,Lesotho,2
2022-06-08,Libya,5
2022-06-08,Maldives,7
2022-06-08,Mozambique,4
2022-06-08,Sao_Tome_Principe,6
2022-06-08,Seychelles,4
2022-06-08,Solomon_Islands,4
2022-06-08,Uruguay,3
2022-06-09,Benin,2
2022-06-09,Brazil,10
2022-06-09,Comoros,3
2022-06-09,Dominica,8
2022-06-09,Finland,5
2022-06-09,Grenada,5
2022-06-09,Guyana,4
2022-06-09,Maldives,4
2022-06-09,Morocco,4
2022-06-09,Mozambique,4
2022-06-09,Oman,6
2022-06-09,Sao_Tome_Principe,3
2022-06-09,Seychelles,4
2022-06-09,Solomon_Islands,6
2022-06-10,Brazil,9
2022-06-10,Comoros,4
2022-06-10,Dominica,6
2022-06-10,Finland,4
2022-06-10,Grenada,6
2022-06-10,Guyana,6
2022-06-10,Maldives,4
2022-06-10,Morocco,5
2022-06-10,Mozambique,5
2022-06-10,Oman,4
2022-06-10,Sao_Tome_Principe,2
2022-06-10,Seychelles,5
2022-06-10,Solomon_Islands,4
2022-06-11,Dominica,5
2022-06-11,El_Salvador,6
2022-06-11,Finland,5
2022-06-11,Grenada,2
2022-06-11,Guyana,3
2022-06-11,Morocco,6
2022-06-11,Mozambique,6
2022-06-11,Oman,5
2022-06-11,Seychelles,4
2022-06-11,Solomon_Islands,7
2022-06-12,Bosnia_Herzegovina,2
2022-06-12,Dominica,7
2022-06-12,El_Salvador,10
2022-06-12,Finland,6
2022-06-12,Morocco,5
2022-06-12,Mozambique,5
2022-06-12,Seychelles,5
2022-06-12,Solomon_Islands,5
2022-06-13,Dominica,1
2022-06-13,El_Salvador,4
2022-06-13,Finland,6
2022-06-13,Jamaica,1
2022-06-13,Mozambique,5
2022-06-13,Seychelles,4
2022-06-13,Singapore,1
2022-06-13,Solomon_Islands,5
2022-06-13,Yemen,1
2022-06-14,El_Salvador,3
2022-06-14,Finland,4
2022-06-14,Jamaica,5
2022-06-14,Mozambique,4
2022-06-14,Panama,3
2022-06-14,Seychelles,6
2022-06-14,Singapore,5
2022-06-14,Solomon_Islands,7
2022-06-15,Bulgaria,3
2022-06-15,Comoros,1
2022-06-15,El_Salvador,3
2022-06-15,Finland,4
2022-06-15,Jamaica,5
2022-06-15,Mozambique,5
2022-06-15,Panama,1
2022-06-15,Seychelles,3
2022-06-15,Singapore,6
2022-06-15,Solomon_Islands,4
2022-06-16,Bulgaria,5
2022-06-16,Comoros,8
2022-06-16,Finland,4
2022-06-16,Jamaica,4
2022-06-16,Seychelles,6
2022-06-16,Singapore,5
2022-06-16,Solomon_Islands,1
2022-06-17,Australia,4
2022-06-17,Bulgaria,9
2022-06-17,Comoros,7
2022-06-17,Finland,9
2022-06-17,Grenada,3
2022-06-17,Guyana,2
2022-06-17,Jamaica,5
2022-06-17,Namibia,3
2022-06-17,Seychelles,4
2022-06-17,Singapore,6
2022-06-18,Australia,1
2022-06-18,Bulgaria,8
2022-06-18,Burundi,1
2022-06-18,Comoros,6
2022-06-18,Finland,4
2022-06-18,Ivory_Coast,1
2022-06-18,Jamaica,5
2022-06-18,Namibia,5
2022-06-18,Panama,2
2022-06-18,Seychelles,6
2022-06-18,Singapore,4
2022-06-19,Bulgaria,4
2022-06-19,Burundi,5
2022-06-19,Comoros,4
2022-06-19,Equatorial_Guinea,1
2022-06-19,Finland,7
2022-06-19,Ivory_Coast,3
2022-06-19,Jamaica,4
2022-06-19,Seychelles,5
2022-06-19,Singapore,4
2022-06-20,Brazil,4
2022-06-20,Bulgaria,4
2022-06-20,Burundi,1
2022-06-20,Comoros,4
2022-06-20,Equatorial_Guinea,5
2022-06-20,Finland,9
2022-06-20,Grenada,5
2022-06-20,Ivory_Coast,6
2022-06-20,Jamaica,5
2022-06-20,Seychelles,5
2022-06-20,Solomon_Islands,2
2022-06-21,Brazil,5
2022-06-21,Bulgaria,4
2022-06-21,Comoros,4
2022-06-21,El_Salvador,3
2022-06-21,Finland,8
2022-06-21,Grenada,4
2022-06-21,Ivory_Coast,8
2022-06-21,Jamaica,7
2022-06-21,Lesotho,3
2022-06-21,Moldova,2
2022-06-21,Solomon_Islands,4
2022-06-21,Turkmenistan,2
2022-06-22,Brazil,7
2022-06-22,Bulgaria,8
2022-06-22,El_Salvador,5
2022-06-22,Finland,7
2022-06-22,Grenada,3
2022-06-22,Ivory_Coast,3
2022-06-22,Jamaica,5
2022-06-22,Kuwait,3
2022-06-22,Lesotho,3
2022-06-22,Moldova,3
2022-06-22,Panama,3
2022-06-22,Solomon_Islands,5
2022-06-22,Turkmenistan,4
2022-06-23,Brazil,5
2022-06-23,Bulgaria,5
2022-06-23,Dominica,1
2022-06-23,El_Salvador,5
2022-06-23,Finland,4
2022-06-23,Ivory_Coast,7
2022-06-23,Jamaica,3
2022-06-23,Kuwait,6
2022-06-23,Moldova,5
2022-06-23,Namibia,4
2022-06-23,Panama,5
2022-06-23,Solomon_Islands,4
2022-06-23,Turkmenistan,6
2022-06-24,Brazil,8
2022-06-24,Bulgaria,4
2022-06-24,Dominica,5
2022-06-24,El_Salvador,4
2022-06-24,Finland,6
2022-06-24,Ivory_Coast,5
2022-06-24,Kuwait,3
2022-06-24,Moldova,5
2022-06-24,Namibia,5
2022-06-24,Saudi_Arabia,1
2022-06-24,Solomon_Islands,7
2022-06-24,Turkmenistan,4
2022-06-25,Brazil,12
2022-06-25,Bulgaria,3
2022-06-25,Dominica,1
2022-06-25,El_Salvador,1
2022-06-25,Finland,8
2022-06-25,Ivory_Coast,6
2022-06-25,Kuwait,2
2022-06-25,Moldova,5
2022-06-25,Namibia,5
2022-06-25,Oman,2
2022-06-25,Solomon_Islands,5
2022-06-25,Turkmenistan,3
2022-06-26,Australia,3
2022-06-26,Brazil,9
2022-06-26,Finland,3
2022-06-26,Moldova,7
2022-06-26,Namibia,5
2022-06-26,Oman,3
2022-06-26,Sierra_Leone,2
2022-06-26,Solomon_Islands,6
2022-06-27,Australia,5
2022-06-27,Brazil,10
2022-06-27,Bulgaria,1
2022-06-27,Finland,5
2022-06-27,Honduras,3
2022-06-27,Jamaica,2
2022-06-27,Moldova,6
2022-06-27,Namibia,5
2022-06-27,Oman,7
2022-06-27,Panama,3
2022-06-27,Sierra_Leone,4
2022-06-27,Solomon_Islands,4
2022-06-28,Argentina,2
2022-06-28,Australia,4
2022-06-28,Brazil,7
2022-06-28,Bulgaria,6
2022-06-28,El_Salvador,6
2022-06-28,Honduras,6
2022-06-28,Jamaica,4
2022-06-28,Moldova,5
2022-06-28,Namibia,6
2022-06-28,Oman,5
2022-06-28,Panama,6
2022-06-28,Solomon_Islands,7
2022-06-29,Argentina,4
2022-06-29,Australia,4
2022-06-29,Brazil,8
2022-06-29,Bulgaria,3
2022-06-29,El_Salvador,6
2022-06-29,Honduras,5
2022-06-29,Jamaica,8
2022-06-29,Moldova,5
2022-06-29,Morocco,4
2022-06-29,Namibia,5
2022-06-29,Oman,6
2022-06-29,Panama,7
2022-06-29,Poland,1
2022-06-29,Solomon_Islands,4
2022-06-29,Uruguay,3
2022-06-30,Argentina,10
2022-06-30,Australia,5
2022-06-30,Brazil,5
2022-06-30,Bulgaria,3
2022-06-30,Dominica,4
2022-06-30,El_Salvador,5
2022-06-30,Honduras,4
2022-06-30,Jamaica,12
2022-06-30,Micronesia,2
2022-06-30,Moldova,4
2022-06-30,Morocco,6
2022-06-30,Namibia,5
2022-06-30,Oman,2
2022-06-30,Panama,4
2022-06-30,Solomon_Islands,4
2022-06-30,Uruguay,6
2022-07-01,Argentina,7
2022-07-01,Australia,2
2022-07-01,Brazil,8
2022-07-01,Dominica,5
2022-07-01,El_Salvador,7
2022-07-01,Honduras,4
2022-07-01,Ivory_Coast,3
2022-07-01,Jamaica,5
2022-07-01,Micronesia,5
2022-07-01,Moldova,1
2022-07-01,Morocco,5
2022-07-01,Panama,5
2022-07-01,Solomon_Islands,5
2022-07-01,Uruguay,5
2022-07-02,Argentina,4
2022-07-02,Brazil,6
2022-07-02,Comoros,1
2022-07-02,Dominica,9
2022-07-02,El_Salvador,4
2022-07-02,Ivory_Coast,1
2022-07-02,Jamaica,3
2022-07-02,Micronesia,6
2022-07-02,Morocco,1
2022-07-02,Panama,3
2022-07-02,Philippines,2
2022-07-02,Solomon_Islands,10
2022-07-02,Uruguay,6
2022-07-03,Brazil,5
2022-07-03,Comoros,1
2022-07-03,Dominica,12
2022-07-03,Jamaica,7
2022-07-03,Libya,3
2022-07-03,Micronesia,3
2022-07-03,Solomon_Islands,7
2022-07-03,Uruguay,5
2022-07-04,Brazil,6
2022-07-04,Dominica,6
2022-07-04,Jamaica,4
2022-07-04,Lesotho,2
2022-07-04,Libya,9
2022-07-04,Maldives,2
2022-07-04,Solomon_Islands,4
2022-07-04,Uruguay,5
2022-07-05,Brazil,1
2022-07-05,Dominica,6
2022-07-05,Laos,4
2022-07-05,Lesotho,7
2022-07-05,Libya,6
2022-07-05,Maldives,5
2022-07-05,Solomon_Islands,6
2022-07-06,Dominica,5
2022-07-06,Laos,7
2022-07-06,Lesotho,4
2022-07-06,Libya,3
2022-07-06,Maldives,6
2022-07-06,Moldova,1
2022-07-06,Namibia,5
2022-07-06,Sao_Tome_Principe,1
2022-07-06,Solomon_Islands,4
2022-07-07,Dominica,10
2022-07-07,El_Salvador,4
2022-07-07,Finland,1
2022-07-07,Laos,4
2022-07-07,Lesotho,2
2022-07-07,Maldives,7
2022-07-07,Moldova,4
2022-07-07,Namibia,6
2022-07-07,Sao_Tome_Principe,5
2022-07-07,Seychelles,4
2022-07-07,Solomon_Islands,5
2022-07-08,Dominica,5
2022-07-08,El_Salvador,6
2022-07-08,Finland,7
2022-07-08,Grenada,1
2022-07-08,Maldives,1
2022-07-08,Moldova,5
2022-07-08,Namibia,5
2022-07-08,Panama,3
2022-07-08,Sao_Tome_Principe,4
2022-07-08,Seychelles,13
2022-07-09,Dominica,4
2022-07-09,El_Salvador,5
2022-07-09,Finland,5
2022-07-09,Grenada,4
2022-07-09,Jamaica,2
2022-07-09,Moldova,3
2022-07-09,Namibia,4
2022-07-09,Panama,8
2022-07-09,Sao_Tome_Principe,5
2022-07-09,Seychelles,11
2022-07-10,Bulgaria,2
2022-07-10,Dominica,5
2022-07-10,El_Salvador,6
2022-07-10,Finland,6
2022-07-10,Jamaica,6
2022-07-10,Namibia,4
2022-07-10,Panama,3
2022-07-10,Sao_Tome_Principe,5
2022-07-10,Seychelles,6
2022-07-11,Brazil,1
2022-07-11,Bulgaria,11
2022-07-11,Dominica,7
2022-07-11,El_Salvador,7
2022-07-11,Finland,5
2022-07-11,Jamaica,6
2022-07-11,Namibia,7
2022-07-11,Sao_Tome_Principe,6
2022-07-11,Seychelles,6
2022-07-11,Uruguay,2
2022-07-11,Yemen,2
2022-07-12,Brazil,5
2022-07-12,Bulgaria,14
2022-07-12,Dominica,1
2022-07-12,El_Salvador,5
2022-07-12,Finland,5
2022-07-12,Jamaica,4
2022-07-12,Morocco,5
2022-07-12,Namibia,6
2022-07-12,Sao_Tome_Principe,7
2022-07-12,Seychelles,1
2022-07-12,Uruguay,3
2022-07-12,Yemen,3
2022-07-13,Bosnia_Herzegovina,6
2022-07-13,Brazil,3
2022-07-13,Bulgaria,6
2022-07-13,Dominica,10
2022-07-13,El_Salvador,5
2022-07-13,Finland,4
2022-07-13,Jamaica,6
2022-07-13,Morocco,4
2022-07-13,Namibia,1
2022-07-13,Sao_Tome_Principe,6
2022-07-13,Seychelles,1
2022-07-13,Uruguay,3
2022-07-13,Yemen,6
2022-07-14,Bosnia_Herzegovina,6
2022-07-14,Brazil,9
2022-07-14,Bulgaria,4
2022-07-14,Dominica,6
2022-07-14,El_Salvador,5
2022-07-14,Finland,2
2022-07-14,Guyana,3
2022-07-14,Jamaica,4
2022-07-14,Libya,1
2022-07-14,Morocco,4
2022-07-14,Sao_Tome_Principe,7
2022-07-14,Seychelles,6
2022-07-14,Yemen,5
2022-07-15,Bosnia_Herzegovina,5
2022-07-15,Brazil,11
2022-07-15,Bulgaria,11
2022-07-15,Dominica,8
2022-07-15,El_Salvador,5
2022-07-15,Guyana,4
2022-07-15,Jamaica,3
2022-07-15,Libya,5
2022-07-15,Sao_Tome_Principe,5
2022-07-15,Seychelles,4
2022-07-15,Yemen,4
2022-07-16,Bosnia_Herzegovina,9
2022-07-16,Brazil,11
2022-07-16,Bulgaria,11
2022-07-16,Dominica,8
2022-07-16,El_Salvador,6
2022-07-16,Guyana,1
2022-07-16,Lesotho,3
2022-07-16,Libya,2
2022-07-16,Sao_Tome_Principe,2
2022-07-16,Seychelles,4
2022-07-16,Yemen,5
2022-07-17,Bosnia_Herzegovina,5
2022-07-17,Brazil,14
2022-07-17,Bulgaria,11
2022-07-17,Dominica,8
2022-07-17,El_Salvador,4
2022-07-17,Lesotho,5
2022-07-17,Uruguay,4
2022-07-17,Yemen,6
2022-07-18,Benin,3
2022-07-18,Bosnia_Herzegovina,5
2022-07-18,Brazil,12
2022-07-18,Bulgaria,11
2022-07-18,Dominica,7
2022-07-18,El_Salvador,5
2022-07-18,Lesotho,4
2022-07-18,Mongolia,1
2022-07-18,Morocco,4
2022-07-18,Uruguay,6
2022-07-18,Yemen,5
2022-07-19,Bosnia_Herzegovina,8
2022-07-19,Brazil,15
2022-07-19,Bulgaria,9
2022-07-19,Dominica,3
2022-07-19,El_Salvador,5
2022-07-19,Lesotho,1
2022-07-19,Malaysia,2
2022-07-19,Mongolia,4
2022-07-19,Morocco,6
2022-07-19,Seychelles,5
2022-07-19,Yemen,4
2022-07-20,Bosnia_Herzegovina,5
2022-07-20,Brazil,8
2022-07-20,Bulgaria,12
2022-07-20,Dominica,7
2022-07-20,El_Salvador,5
2022-07-20,Ivory_Coast,3
2022-07-20,Kuwait,3
2022-07-20,Malaysia,4
2022-07-20,Moldova,3
2022-07-20,Morocco,5
2022-07-20,Seychelles,4
2022-07-20,Uruguay,6
2022-07-20,Yemen,4
2022-07-21,Bosnia_Herzegovina,8
2022-07-21,Brazil,10
2022-07-21,Bulgaria,17
2022-07-21,Dominica,4
2022-07-21,El_Salvador,7
2022-07-21,Guyana,2
2022-07-21,Ivory_Coast,4
2022-07-21,Kuwait,6
2022-07-21,Malaysia,4
2022-07-21,Moldova,6
2022-07-21,Morocco,4
2022-07-21,Seychelles,11
2022-07-21,Uruguay,2
2022-07-22,Bosnia_Herzegovina,8
2022-07-22,Brazil,10
2022-07-22,Bulgaria,9
2022-07-22,Dominica,6
2022-07-22,El_Salvador,7
2022-07-22,Guyana,7
2022-07-22,Ivory_Coast,5
2022-07-22,Kuwait,3
2022-07-22,Malaysia,5
2022-07-22,Moldova,4
2022-07-22,Morocco,4
2022-07-22,Seychelles,13
2022-07-23,Bosnia_Herzegovina,4
2022-07-23,Brazil,1
2022-07-23,Bulgaria,3
2022-07-23,El_Salvador,8
2022-07-23,Guyana,4
2022-07-23,Ivory_Coast,10
2022-07-23,Kuwait,6
2022-07-23,Malaysia,6
2022-07-23,Moldova,4
2022-07-23,Morocco,6
2022-07-23,Mozambique,4
2022-07-23,Panama,4
2022-07-23,Seychelles,9
2022-07-23,Solomon_Islands,4
2022-07-24,El_Salvador,5
2022-07-24,Guyana,6
2022-07-24,Ivory_Coast,6
2022-07-24,Kuwait,5
2022-07-24,Malaysia,5
2022-07-24,Moldova,4
2022-07-24,Morocco,5
2022-07-24,Mozambique,5
2022-07-24,Panama,6
2022-07-24,Seychelles,6
2022-07-24,Solomon_Islands,5
2022-07-25,El_Salvador,4
2022-07-25,Guyana,5
2022-07-25,Ivory_Coast,5
2022-07-25,Kuwait,3
2022-07-25,Maldives,5
2022-07-25,Moldova,5
2022-07-25,Morocco,5
2022-07-25,Mozambique,5
2022-07-25,Panama,4
2022-07-25,Seychelles,1
2022-07-25,Solomon_Islands,4
2022-07-26,Comoros,4
2022-07-26,El_Salvador,4
2022-07-26,Finland,6
2022-07-26,Guyana,5
2022-07-26,Ivory_Coast,4
2022-07-26,Laos,2
2022-07-26,Maldives,5
2022-07-26,Moldova,7
2022-07-26,Morocco,5
2022-07-26,Mozambique,2
2022-07-26,Panama,4
2022-07-26,Seychelles,6
2022-07-26,Solomon_Islands,5
2022-07-26,Uruguay,2
2022-07-27,Comoros,5
2022-07-27,Finland,3
2022-07-27,Guyana,4
2022-07-27,Ivory_Coast,5
2022-07-27,Laos,3
2022-07-27,Maldives,3
2022-07-27,Moldova,3
2022-07-27,Mongolia,5
2022-07-27,Morocco,6
2022-07-27,Oman,4
2022-07-27,Panama,6
2022-07-27,Seychelles,1
2022-07-27,Solomon_Islands,5
2022-07-27,Uruguay,6
2022-07-28,Comoros,5
2022-07-28,Grenada,3
2022-07-28,Guyana,5
2022-07-28,Ivory_Coast,3
2022-07-28,Laos,3
2022-07-28,Moldova,5
2022-07-28,Mongolia,6
2022-07-28,Morocco,5
2022-07-28,Oman,5
2022-07-28,Panama,7
2022-07-28,Solomon_Islands,1
2022-07-28,Uruguay,4
2022-07-29,Brazil,2
2022-07-29,Comoros,1
2022-07-29,Grenada,4
2022-07-29,Guyana,6
2022-07-29,Laos,4
2022-07-29,Moldova,6
2022-07-29,Mongolia,4
2022-07-29,Morocco,1
2022-07-29,Oman,6
2022-07-29,Panama,1
2022-07-29,Seychelles,6
2022-07-29,Uruguay,4
2022-07-30,Burundi,2
2022-07-30,Comoros,3
2022-07-30,Guyana,7
2022-07-30,Laos,5
2022-07-30,Libya,4
2022-07-30,Moldova,5
2022-07-30,Mongolia,3
2022-07-30,Oman,5
2022-07-30,Seychelles,4
2022-07-30,Uruguay,5
2022-07-31,Burundi,6
2022-07-31,Comoros,8
2022-07-31,Equatorial_Guinea,4
2022-07-31,Guyana,6
2022-07-31,Laos,1
2022-07-31,Libya,7
2022-07-31,Moldova,2
2022-07-31,Oman,6
2022-07-31,Seychelles,4
2022-07-31,Uruguay,4
2022-08-01,Burundi,4
2022-08-01,Comoros,9
2022-08-01,Dominica,1
2022-08-01,Equatorial_Guinea,1
2022-08-01,Guyana,4
2022-08-01,Honduras,6
2022-08-01,Libya,3
2022-08-01,Maldives,4
2022-08-01,Namibia,4
2022-08-01,Oman,4
2022-08-01,Seychelles,1
2022-08-02,Bosnia_Herzegovina,4
2022-08-02,Burundi,7
2022-08-02,Comoros,10
2022-08-02,Dominica,1
2022-08-02,Guyana,1
2022-08-02,Honduras,5
2022-08-02,Libya,7
2022-08-02,Maldives,3
2022-08-03,Bosnia_Herzegovina,5
2022-08-03,Burundi,5
2022-08-03,Comoros,9
2022-08-03,Honduras,7
2022-08-03,Ivory_Coast,2
2022-08-03,Libya,1
2022-08-03,Morocco,1
2022-08-03,Oman,2
2022-08-04,Burundi,6
2022-08-04,Comoros,8
2022-08-04,El_Salvador,5
2022-08-04,Grenada,1
2022-08-04,Honduras,3
2022-08-04,Ivory_Coast,4
2022-08-04,Jamaica,6
2022-08-04,Oman,5
2022-08-04,Philippines,3
2022-08-05,Burundi,3
2022-08-05,Comoros,7
2022-08-05,El_Salvador,8
2022-08-05,Grenada,3
2022-08-05,Guyana,4
2022-08-05,Honduras,6
2022-08-05,Ivory_Coast,6
2022-08-05,Jamaica,5
2022-08-05,Oman,3
2022-08-05,Philippines,4
2022-08-05,Uruguay,4
2022-08-06,Australia,4
2022-08-06,Burundi,11
2022-08-06,El_Salvador,6
2022-08-06,Finland,6
2022-08-06,Guyana,5
2022-08-06,Honduras,6
2022-08-06,Ivory_Coast,5
2022-08-06,Jamaica,4
2022-08-06,Philippines,4
2022-08-06,Poland,3
2022-08-06,Sierra_Leone,2
2022-08-06,Uruguay,5
2022-08-07,Australia,4
2022-08-07,Burundi,5
2022-08-07,Dominica,1
2022-08-07,El_Salvador,6
2022-08-07,Finland,1
2022-08-07,Guyana,2
2022-08-07,Honduras,6
2022-08-07,Ivory_Coast,4
2022-08-07,Libya,5
2022-08-07,Philippines,5
2022-08-07,Poland,7
2022-08-07,Saudi_Arabia,3
2022-08-07,Sierra_Leone,5
2022-08-07,Solomon_Islands,1
2022-08-07,Uruguay,4
2022-08-08,Australia,6
2022-08-08,Burundi,5
2022-08-08,El_Salvador,10
2022-08-08,Guyana,3
2022-08-08,Honduras,4
2022-08-08,Ivory_Coast,1
2022-08-08,Libya,4
2022-08-08,Micronesia,4
2022-08-08,Morocco,6
2022-08-08,Panama,2
2022-08-08,Philippines,4
2022-08-08,Saudi_Arabia,5
2022-08-08,Seychelles,4
2022-08-08,Sierra_Leone,4
2022-08-08,Solomon_Islands,4
2022-08-08,Uruguay,6
2022-08-09,Australia,6
2022-08-09,Burundi,7
2022-08-09,El_Salvador,7
2022-08-09,Honduras,4
2022-08-09,Libya,5
2022-08-09,Micronesia,7
2022-08-09,Morocco,6
2022-08-09,Namibia,5
2022-08-09,Panama,5
2022-08-09,Saudi_Arabia,4
2022-08-09,Seychelles,3
2022-08-09,Sierra_Leone,5
2022-08-09,Solomon_Islands,5
2022-08-09,Uruguay,6
2022-08-10,Australia,4
2022-08-10,Benin,3
2022-08-10,Burundi,3
2022-08-10,El_Salvador,4
2022-08-10,Finland,4
2022-08-10,Honduras,5
2022-08-10,Libya,2
2022-08-10,Micronesia,7
2022-08-10,Morocco,5
2022-08-10,Namibia,6
2022-08-10,Panama,5
2022-08-10,Sierra_Leone,2
2022-08-10,Solomon_Islands,5
2022-08-11,Australia,7
2022-08-11,Benin,5
2022-08-11,Burundi,6
2022-08-11,El_Salvador,7
2022-08-11,Finland,5
2022-08-11,Guyana,2
2022-08-11,Honduras,5
2022-08-11,Ivory_Coast,2
2022-08-11,Micronesia,4
2022-08-11,Namibia,5
2022-08-11,Panama,5
2022-08-11,Singapore,2
2022-08-11,Solomon_Islands,4
2022-08-11,Uruguay,5
2022-08-12,Australia,8
2022-08-12,Benin,6
2022-08-12,Burundi,9
2022-08-12,El_Salvador,6
2022-08-12,Finland,5
2022-08-12,Guyana,3
2022-08-12,Honduras,4
2022-08-12,Ivory_Coast,9
2022-08-12,Maldives,1
2022-08-12,Micronesia,7
2022-08-12,Namibia,5
2022-08-12,Panama,5
2022-08-12,Singapore,4
2022-08-12,Solomon_Islands,5
2022-08-12,Uruguay,7
2022-08-13,Australia,4
2022-08-13,Benin,2
2022-08-13,Dominica,1
2022-08-13,El_Salvador,4
2022-08-13,Finland,4
2022-08-13,Guyana,7
2022-08-13,Ivory_Coast,11
2022-08-13,Maldives,5
2022-08-13,Micronesia,5
2022-08-13,Morocco,2
2022-08-13,Namibia,5
2022-08-13,Panama,5
2022-08-13,Singapore,4
2022-08-13,Solomon_Islands,5
2022-08-13,Uruguay,9
2022-08-14,Australia,6
2022-08-14,Dominica,5
2022-08-14,El_Salvador,6
2022-08-14,Finland,5
2022-08-14,Guyana,4
2022-08-14,Ivory_Coast,11
2022-08-14,Libya,3
2022-08-14,Maldives,7
2022-08-14,Micronesia,8
2022-08-14,Morocco,5
2022-08-14,Mozambique,1
2022-08-14,Namibia,8
2022-08-14,Panama,5
2022-08-14,Solomon_Islands,5
2022-08-14,Uruguay,5
2022-08-14,Yemen,5
2022-08-15,Australia,2
2022-08-15,Brazil,1
2022-08-15,Dominica,4
2022-08-15,El_Salvador,4
2022-08-15,Finland,5
2022-08-15,Guyana,1
2022-08-15,Ivory_Coast,4
2022-08-15,Libya,6
2022-08-15,Maldives,5
2022-08-15,Micronesia,9
2022-08-15,Morocco,10
2022-08-15,Mozambique,6
2022-08-15,Namibia,5
2022-08-15,Panama,5
2022-08-15,Solomon_Islands,8
2022-08-15,Uruguay,4
2022-08-15,Yemen,5
2022-08-16,Brazil,4
2022-08-16,Dominica,6
2022-08-16,El_Salvador,5
2022-08-16,Finland,6
2022-08-16,Ivory_Coast,5
2022-08-16,Kuwait,3
2022-08-16,Maldives,4
2022-08-16,Micronesia,8
2022-08-16,Morocco,9
2022-08-16,Mozambique,6
2022-08-16,Namibia,6
2022-08-16,Panama,9
2022-08-16,Solomon_Islands,5
2022-08-16,Uruguay,3
2022-08-16,Yemen,5
2022-08-17,Brazil,6
2022-08-17,Bulgaria,3
2022-08-17,Burundi,1
2022-08-17,Dominica,4
2022-08-17,El_Salvador,6
2022-08-17,Finland,6
2022-08-17,Ivory_Coast,5
2022-08-17,Kuwait,5
2022-08-17,Maldives,6
2022-08-17,Micronesia,7
2022-08-17,Morocco,7
2022-08-17,Namibia,1
2022-08-17,Panama,5
2022-08-17,Solomon_Islands,4
2022-08-17,Yemen,4
2022-08-18,Brazil,5
2022-08-18,Burundi,5
2022-08-18,Dominica,3
2022-08-18,El_Salvador,7
2022-08-18,Finland,3
2022-08-18,Kuwait,5
2022-08-18,Maldives,6
2022-08-18,Micronesia,8
2022-08-18,Moldova,2
2022-08-18,Morocco,8
2022-08-18,Panama,4
2022-08-18,Solomon_Islands,1
2022-08-18,Yemen,5
2022-08-19,Brazil,4
2022-08-19,Bulgaria,3
2022-08-19,Burundi,4
2022-08-19,El_Salvador,4
2022-08-19,Finland,2
2022-08-19,Kuwait,4
2022-08-19,Maldives,5
2022-08-19,Micronesia,5
2022-08-19,Moldova,1
2022-08-19,Morocco,7
2022-08-19,Panama,9
2022-08-19,Yemen,3
2022-08-20,Bulgaria,4
2022-08-20,Burundi,4
2022-08-20,El_Salvador,1
2022-08-20,Ivory_Coast,1
2022-08-20,Kuwait,5
2022-08-20,Maldives,6
2022-08-20,Micronesia,4
2022-08-20,Morocco,10
2022-08-20,Oman,5
2022-08-20,Panama,11
2022-08-21,Brazil,3
2022-08-21,Bulgaria,5
2022-08-21,Burundi,4
2022-08-21,Ivory_Coast,5
2022-08-21,Kuwait,8
2022-08-21,Maldives,6
2022-08-21,Morocco,9
2022-08-21,Oman,5
2022-08-21,Panama,10
2022-08-22,Bulgaria,1
2022-08-22,Ivory_Coast,4
2022-08-22,Jamaica,3
2022-08-22,Kuwait,10
2022-08-22,Maldives,2
2022-08-22,Morocco,8
2022-08-22,Namibia,3
2022-08-22,Oman,4
2022-08-22,Panama,11
2022-08-22,Uruguay,2
2022-08-23,Bosnia_Herzegovina,1
2022-08-23,Ivory_Coast,4
2022-08-23,Kuwait,6
2022-08-23,Morocco,5
2022-08-23,Namibia,6
2022-08-23,Oman,5
2022-08-23,Panama,5
2022-08-24,Bosnia_Herzegovina,5
2022-08-24,Kuwait,5
2022-08-24,Lesotho,2
2022-08-24,Morocco,4
2022-08-24,Namibia,5
2022-08-24,Oman,5
2022-08-24,Panama,4
2022-08-24,Uruguay,1
2022-08-25,Bosnia_Herzegovina,2
2022-08-25,Kuwait,5
2022-08-25,Lesotho,5
2022-08-25,Morocco,4
2022-08-25,Namibia,4
2022-08-25,Oman,4
2022-08-25,Panama,5
2022-08-26,El_Salvador,1
2022-08-26,Kuwait,5
2022-08-26,Lesotho,6
2022-08-26,Morocco,5
2022-08-26,Namibia,6
2022-08-26,Oman,3
2022-08-26,Panama,4
2022-08-26,Poland,2
2022-08-27,Argentina,2
2022-08-27,Dominica,3
2022-08-27,El_Salvador,6
2022-08-27,Kuwait,5
2022-08-27,Lesotho,6
2022-08-27,Morocco,2
2022-08-27,Namibia,6
2022-08-27,Panama,3
2022-08-27,Poland,1
2022-08-28,Argentina,4
2022-08-28,Dominica,4
2022-08-28,El_Salvador,7
2022-08-28,Guyana,3
2022-08-28,Kuwait,6
2022-08-28,Lesotho,4
2022-08-28,Morocco,8
2022-08-28,Namibia,7
2022-08-28,Panama,4
2022-08-29,Argentina,4
2022-08-29,Brazil,2
2022-08-29,Dominica,7
2022-08-29,El_Salvador,5
2022-08-29,Guyana,6
2022-08-29,Kuwait,5
2022-08-29,Lesotho,7
2022-08-29,Morocco,10
2022-08-29,Namibia,10
2022-08-29,Panama,7
2022-08-30,Brazil,9
2022-08-30,Dominica,2
2022-08-30,El_Salvador,7
2022-08-30,Guyana,4
2022-08-30,Kuwait,5
2022-08-30,Lesotho,4
2022-08-30,Morocco,8
2022-08-30,Namibia,12
2022-08-30,Panama,4
2022-08-30,Seychelles,2
2022-08-31,Brazil,10
2022-08-31,El_Salvador,13
2022-08-31,Guyana,5
2022-08-31,Kuwait,7
2022-08-31,Lesotho,4
2022-08-31,Morocco,10
2022-08-31,Namibia,9
2022-08-31,Panama,5
2022-08-31,Seychelles,4
2022-09-01,Brazil,11
2022-09-01,El_Salvador,4
2022-09-01,Finland,2
2022-09-01,Guyana,3
2022-09-01,Kuwait,4
2022-09-01,Lesotho,4
2022-09-01,Malaysia,1
2022-09-01,Morocco,4
2022-09-01,Namibia,13
2022-09-01,Panama,5
2022-09-01,Seychelles,5
2022-09-02,Australia,1
2022-09-02,Brazil,7
2022-09-02,El_Salvador,4
2022-09-02,Finland,1
2022-09-02,Honduras,6
2022-09-02,Kuwait,3
2022-09-02,Lesotho,6
2022-09-02,Malaysia,6
2022-09-02,Morocco,4
2022-09-02,Namibia,11
2022-09-02,Panama,5
2022-09-02,Seychelles,6
2022-09-03,Brazil,3
2022-09-03,El_Salvador,5
2022-09-03,Honduras,5
2022-09-03,Kuwait,5
2022-09-03,Lesotho,5
2022-09-03,Malaysia,1
2022-09-03,Morocco,5
2022-09-03,Namibia,8
2022-09-03,Panama,6
2022-09-03,Sierra_Leone,1
2022-09-04,Brazil,6
2022-09-04,El_Salvador,4
2022-09-04,Guyana,2
2022-09-04,Honduras,7
2022-09-04,Ivory_Coast,7
2022-09-04,Kuwait,5
2022-09-04,Lesotho,7
2022-09-04,Morocco,12
2022-09-04,Namibia,11
2022-09-04,Panama,4
2022-09-04,Sierra_Leone,5
2022-09-04,Singapore,1
2022-09-05,Brazil,4
2022-09-05,El_Salvador,11
2022-09-05,Equatorial_Guinea,3
2022-09-05,Guyana,4
2022-09-05,Honduras,5
2022-09-05,Ivory_Coast,4
2022-09-05,Kuwait,5
2022-09-05,Lesotho,4
2022-09-05,Libya,4
2022-09-05,Morocco,7
2022-09-05,Namibia,14
2022-09-05,Panama,3
2022-09-05,Sierra_Leone,6
2022-09-05,Singapore,1
2022-09-05,Solomon_Islands,2
2022-09-06,Australia,1
2022-09-06,Brazil,2
2022-09-06,El_Salvador,11
2022-09-06,Honduras,5
2022-09-06,Ivory_Coast,6
2022-09-06,Jamaica,5
2022-09-06,Kuwait,5
2022-09-06,Lesotho,4
2022-09-06,Libya,4
2022-09-06,Morocco,7
2022-09-06,Namibia,10
2022-09-06,Seychelles,2
2022-09-06,Sierra_Leone,4
2022-09-06,Solomon_Islands,4
2022-09-07,Australia,5
2022-09-07,Brazil,2
2022-09-07,El_Salvador,7
2022-09-07,Guyana,3
2022-09-07,Honduras,2
2022-09-07,Ivory_Coast,5
2022-09-07,Jamaica,4
2022-09-07,Kuwait,3
2022-09-07,Lesotho,6
2022-09-07,Mongolia,5
2022-09-07,Namibia,9
2022-09-07,Oman,5
2022-09-07,Seychelles,5
2022-09-07,Sierra_Leone,6
2022-09-07,Solomon_Islands,4
2022-09-08,Australia,5
2022-09-08,Brazil,5
2022-09-08,El_Salvador,19
2022-09-08,Guyana,5
2022-09-08,Ivory_Coast,4
2022-09-08,Jamaica,4
2022-09-08,Kuwait,5
2022-09-08,Lesotho,6
2022-09-08,Mongolia,4
2022-09-08,Namibia,10
2022-09-08,Oman,6
2022-09-08,Seychelles,4
2022-09-08,Sierra_Leone,5
2022-09-08,Solomon_Islands,8
2022-09-08,Turkmenistan,2
2022-09-09,Australia,3
2022-09-09,Brazil,6
2022-09-09,El_Salvador,12
2022-09-09,Grenada,4
2022-09-09,Guyana,4
2022-09-09,Ivory_Coast,5
2022-09-09,Jamaica,5
2022-09-09,Kuwait,5
2022-09-09,Lesotho,5
2022-09-09,Mongolia,5
2022-09-09,Namibia,9
2022-09-09,Oman,8
2022-09-09,Seychelles,5
2022-09-09,Sierra_Leone,4
2022-09-09,Solomon_Islands,4
2022-09-09,Turkmenistan,2
2022-09-10,Australia,4
2022-09-10,Brazil,3
2022-09-10,Comoros,3
2022-09-10,El_Salvador,15
2022-09-10,Grenada,6
2022-09-10,Ivory_Coast,5
2022-09-10,Jamaica,7
2022-09-10,Kuwait,1
2022-09-10,Lesotho,4
2022-09-10,Mongolia,8
2022-09-10,Namibia,3
2022-09-10,Oman,8
2022-09-10,Seychelles,2
2022-09-10,Sierra_Leone,5
2022-09-10,Solomon_Islands,3
2022-09-11,Australia,10
2022-09-11,Brazil,6
2022-09-11,Comoros,1
2022-09-11,El_Salvador,14
2022-09-11,Grenada,4
2022-09-11,Ivory_Coast,5
2022-09-11,Jamaica,3
2022-09-11,Lesotho,5
2022-09-11,Oman,7
2022-09-11,Sierra_Leone,5
2022-09-11,Singapore,3
2022-09-12,Australia,4
2022-09-12,Brazil,6
2022-09-12,El_Salvador,9
2022-09-12,Grenada,8
2022-09-12,Ivory_Coast,4
2022-09-12,Lesotho,6
2022-09-12,Malaysia,3
2022-09-12,Maldives,3
2022-09-12,Oman,6
2022-09-12,Sierra_Leone,6
2022-09-12,Singapore,8
2022-09-13,Australia,3
2022-09-13,Benin,1
2022-09-13,El_Salvador,8
2022-09-13,Grenada,5
2022-09-13,Ivory_Coast,1
2022-09-13,Lesotho,7
2022-09-13,Malaysia,6
2022-09-13,Maldives,5
2022-09-13,Oman,4
2022-09-13,Sierra_Leone,5
2022-09-13,Singapore,7
2022-09-13,Yemen,1
2022-09-14,Benin,1
2022-09-14,El_Salvador,6
2022-09-14,Grenada,4
2022-09-14,Ivory_Coast,3
2022-09-14,Lesotho,4
2022-09-14,Malaysia,5
2022-09-14,Maldives,6
2022-09-14,Oman,4
2022-09-14,Philippines,5
2022-09-14,Saudi_Arabia,3
2022-09-14,Singapore,4
2022-09-14,Yemen,5
2022-09-15,Australia,1
2022-09-15,El_Salvador,5
2022-09-15,Grenada,4
2022-09-15,Honduras,3
2022-09-15,Ivory_Coast,7
2022-09-15,Jamaica,1
2022-09-15,Lesotho,5
2022-09-15,Malaysia,3
2022-09-15,Maldives,5
2022-09-15,Oman,4
2022-09-15,Philippines,3
2022-09-15,Saudi_Arabia,7
2022-09-15,Singapore,4
2022-09-15,Yemen,6
2022-09-16,Australia,8
2022-09-16,Brazil,2
2022-09-16,El_Salvador,8
2022-09-16,Grenada,4
2022-09-16,Honduras,5
2022-09-16,Ivory_Coast,6
2022-09-16,Lesotho,7
2022-09-16,Maldives,4
2022-09-16,Oman,5
2022-09-16,Philippines,4
2022-09-16,Saudi_Arabia,4
2022-09-16,Singapore,2
2022-09-16,Yemen,5
2022-09-17,Australia,9
2022-09-17,El_Salvador,12
2022-09-17,Grenada,4
2022-09-17,Honduras,4
2022-09-17,Lesotho,5
2022-09-17,Maldives,5
2022-09-17,Oman,5
2022-09-17,Philippines,8
2022-09-17,Saudi_Arabia,6
2022-09-17,Senegal,1
2022-09-17,Yemen,2
2022-09-18,Australia,8
2022-09-18,Burundi,3
2022-09-18,El_Salvador,5
2022-09-18,Grenada,4
2022-09-18,Honduras,5
2022-09-18,Laos,6
2022-09-18,Lesotho,4
2022-09-18,Maldives,4
2022-09-18,Oman,7
2022-09-18,Philippines,4
2022-09-18,Saudi_Arabia,6
2022-09-18,Senegal,3
2022-09-18,Uruguay,1
2022-09-19,Argentina,3
2022-09-19,Australia,9
2022-09-19,Brazil,1
2022-09-19,Burundi,6
2022-09-19,El_Salvador,4
2022-09-19,Grenada,3
2022-09-19,Honduras,6
2022-09-19,Laos,5
2022-09-19,Lesotho,6
2022-09-19,Maldives,5
2022-09-19,Namibia,3
2022-09-19,Oman,1
2022-09-19,Philippines,4
2022-09-19,Saudi_Arabia,5
2022-09-19,Senegal,4
2022-09-20,Australia,5
2022-09-20,Brazil,6
2022-09-20,Burundi,6
2022-09-20,El_Salvador,4
2022-09-20,Honduras,5
2022-09-20,Laos,4
2022-09-20,Lesotho,6
2022-09-20,Maldives,5
2022-09-20,Namibia,6
2022-09-20,Poland,1
2022-09-20,Saudi_Arabia,5
2022-09-20,Senegal,6
2022-09-20,Seychelles,1
2022-09-21,Australia,5
2022-09-21,Benin,4
2022-09-21,Brazil,5
2022-09-21,Bulgaria,5
2022-09-21,Burundi,6
2022-09-21,El_Salvador,4
2022-09-21,Honduras,1
2022-09-21,Lesotho,3
2022-09-21,Maldives,6
2022-09-21,Namibia,5
2022-09-21,Poland,4
2022-09-21,Saudi_Arabia,4
2022-09-21,Senegal,1
2022-09-21,Seychelles,6
2022-09-21,Yemen,2
2022-09-22,Australia,5
2022-09-22,Benin,9
2022-09-22,Brazil,6
2022-09-22,Bulgaria,6
2022-09-22,El_Salvador,3
2022-09-22,Maldives,5
2022-09-22,Namibia,3
2022-09-22,Poland,6
2022-09-22,Saudi_Arabia,11
2022-09-22,Seychelles,8
2022-09-22,Yemen,5
2022-09-23,Australia,3
2022-09-23,Benin,10
2022-09-23,Brazil,6
2022-09-23,Bulgaria,5
2022-09-23,Maldives,6
2022-09-23,Poland,7
2022-09-23,Saudi_Arabia,9
2022-09-23,Seychelles,3
2022-09-23,Yemen,5
2022-09-24,Benin,5
2022-09-24,Brazil,1
2022-09-24,Bulgaria,5
2022-09-24,Ivory_Coast,3
2022-09-24,Jamaica,3
2022-09-24,Maldives,1
2022-09-24,Poland,7
2022-09-24,Saudi_Arabia,7
2022-09-24,Solomon_Islands,6
2022-09-24,Turkmenistan,1
2022-09-24,Yemen,4
2022-09-25,Benin,5
2022-09-25,Bulgaria,5
2022-09-25,El_Salvador,1
2022-09-25,Ivory_Coast,4
2022-09-25,Jamaica,6
2022-09-25,Malaysia,3
2022-09-25,Poland,7
2022-09-25,Saudi_Arabia,3
2022-09-25,Solomon_Islands,4
2022-09-25,Yemen,5
2022-09-26,Benin,4
2022-09-26,Bulgaria,6
2022-09-26,El_Salvador,5
2022-09-26,Ivory_Coast,2
2022-09-26,Jamaica,6
2022-09-26,Malaysia,6
2022-09-26,Oman,2
2022-09-26,Poland,6
2022-09-26,Saudi_Arabia,5
2022-09-26,Solomon_Islands,5
2022-09-26,Turkmenistan,5
2022-09-26,Yemen,6
2022-09-27,Benin,6
2022-09-27,Bulgaria,12
2022-09-27,El_Salvador,3
2022-09-27,Jamaica,4
2022-09-27,Malaysia,5
2022-09-27,Oman,5
2022-09-27,Poland,4
2022-09-27,Saudi_Arabia,4
2022-09-27,Sierra_Leone,8
2022-09-27,Solomon_Islands,4
2022-09-27,Turkmenistan,6
2022-09-27,Yemen,6
2022-09-28,Benin,4
2022-09-28,Bulgaria,17
2022-09-28,El_Salvador,4
2022-09-28,Jamaica,8
2022-09-28,Malaysia,6
2022-09-28,Oman,4
2022-09-28,Saudi_Arabia,7
2022-09-28,Seychelles,1
2022-09-28,Sierra_Leone,5
2022-09-28,Solomon_Islands,4
2022-09-28,Turkmenistan,4
2022-09-28,Yemen,5
2022-09-29,Benin,1
2022-09-29,Bosnia_Herzegovina,1
2022-09-29,Bulgaria,12
2022-09-29,Jamaica,3
2022-09-29,Malaysia,2
2022-09-29,Oman,5
2022-09-29,Saudi_Arabia,4
2022-09-29,Seychelles,3
2022-09-29,Sierra_Leone,5
2022-09-29,Solomon_Islands,3
2022-09-29,Uruguay,2
2022-09-29,Yemen,6
2022-09-30,Bosnia_Herzegovina,6
2022-09-30,Bulgaria,11
2022-09-30,Burundi,1
2022-09-30,Oman,5
2022-09-30,Saudi_Arabia,8
2022-09-30,Seychelles,3
2022-09-30,Sierra_Leone,3
2022-09-30,Solomon_Islands,5
2022-09-30,Uruguay,1
2022-09-30,Yemen,4
2022-10-01,Australia,1
2022-10-01,Bosnia_Herzegovina,5
2022-10-01,Brazil,2
